model,layer_idx,layer_name,n,norm_mean,norm_std,norm_p05,norm_p50,norm_p95,norm_min,norm_max
eat_all,0,model.pos_drop,600,0.2090124934911728,0.0695289820432663,0.13323964178562164,0.19009950757026672,0.35896575450897217,0.10332196205854416,0.4351862370967865
eat_all,1,model.blocks.0,600,1.8691927194595337,0.3820202052593231,1.541191816329956,1.7381608486175537,2.6524853706359863,1.4712127447128296,4.073195934295654
eat_all,2,model.blocks.1,600,2.2964437007904053,0.34405991435050964,1.9795080423355103,2.187138795852661,3.077347993850708,1.8998409509658813,3.830191135406494
eat_all,3,model.blocks.2,600,2.612258195877075,0.32352617383003235,2.257253885269165,2.5268921852111816,3.25673246383667,2.1883130073547363,3.9507954120635986
eat_all,4,model.blocks.3,600,3.402535915374756,0.48132190108299255,2.838571548461914,3.2750840187072754,4.365696430206299,2.6530840396881104,5.095724582672119
eat_all,5,model.blocks.4,600,3.7315056324005127,0.5357548594474792,3.0929746627807617,3.600436210632324,4.768162250518799,2.918647527694702,5.682339668273926
eat_all,6,model.blocks.5,600,4.029150485992432,0.48813068866729736,3.4372191429138184,3.930619716644287,4.957969665527344,3.237335443496704,5.999434947967529
eat_all,7,model.blocks.6,600,4.912472248077393,0.48853379487991333,4.31566858291626,4.797654151916504,5.796585559844971,4.086723804473877,6.934126377105713
eat_all,8,model.blocks.7,600,4.645510196685791,0.4240562617778778,4.179366588592529,4.515774726867676,5.452092170715332,3.9979426860809326,6.361968994140625
eat_all,9,model.blocks.8,600,4.015223979949951,0.3547428846359253,3.646599531173706,3.8936495780944824,4.712419033050537,3.4939303398132324,5.512467384338379
eat_all,10,model.blocks.9,600,3.038221836090088,0.29669857025146484,2.729640483856201,2.939899444580078,3.6446495056152344,2.607189655303955,4.285211563110352
eat_all,11,model.blocks.10,600,3.250995635986328,0.3916075825691223,2.880981922149658,3.0879085063934326,4.069881916046143,2.7396891117095947,4.873027801513672
eat_all,12,model.blocks.11,600,5.2862701416015625,0.4672280550003052,4.385605812072754,5.406035900115967,5.894168376922607,3.390974998474121,6.3275322914123535
eat_bio,0,model.pos_drop,600,0.27174195647239685,0.07873338460922241,0.19425813853740692,0.24676644802093506,0.45237764716148376,0.16735871136188507,0.5421324372291565
eat_bio,1,model.blocks.0,600,1.1140942573547363,0.3351905345916748,0.8338142037391663,0.9742546081542969,1.9049150943756104,0.7882103323936462,2.3956351280212402
eat_bio,2,model.blocks.1,600,2.1290483474731445,0.3828301727771759,1.7997456789016724,1.989486813545227,2.949082136154175,1.7111657857894897,4.045054912567139
eat_bio,3,model.blocks.2,600,2.3845860958099365,0.28781887888908386,2.098074197769165,2.288780689239502,2.98252534866333,2.042830467224121,3.766672134399414
eat_bio,4,model.blocks.3,600,2.3823962211608887,0.4333302080631256,1.9039257764816284,2.247978687286377,3.2127883434295654,1.7870224714279175,4.198716640472412
eat_bio,5,model.blocks.4,600,2.9404549598693848,0.41359633207321167,2.4910879135131836,2.828749418258667,3.7011585235595703,2.352414846420288,4.832169055938721
eat_bio,6,model.blocks.5,600,3.0972180366516113,0.3911937177181244,2.637842893600464,3.008599042892456,3.8946897983551025,2.497865676879883,4.70644474029541
eat_bio,7,model.blocks.6,600,3.5933170318603516,0.39854171872138977,3.148690938949585,3.4978628158569336,4.380352020263672,2.9944205284118652,5.3958892822265625
eat_bio,8,model.blocks.7,600,3.2669026851654053,0.3752497136592865,2.8713905811309814,3.1524362564086914,3.993593215942383,2.711639404296875,4.938363075256348
eat_bio,9,model.blocks.8,600,2.7884833812713623,0.33477386832237244,2.4423327445983887,2.684098720550537,3.497504234313965,2.3308963775634766,4.360229969024658
eat_bio,10,model.blocks.9,600,2.3051302433013916,0.36280524730682373,1.956032156944275,2.1550979614257812,3.085895538330078,1.8849629163742065,3.792675256729126
eat_bio,11,model.blocks.10,600,2.430403232574463,0.3062592148780823,2.1262757778167725,2.311758041381836,3.073857545852661,2.0500781536102295,3.6888744831085205
eat_bio,12,model.blocks.11,600,3.919661521911621,0.4947034418582916,3.193399667739868,3.886963129043579,4.77482795715332,2.651555061340332,5.744528293609619
sl_eat_all_ssl_all,0,model.pos_drop,600,0.43790802359580994,0.1811680942773819,0.21705268323421478,0.4021417498588562,0.8137754797935486,0.1602109968662262,1.006298542022705
sl_eat_all_ssl_all,1,model.blocks.0,600,2.2765002250671387,0.767970860004425,1.401605486869812,2.036281108856201,3.87738299369812,1.0987372398376465,4.708852291107178
sl_eat_all_ssl_all,2,model.blocks.1,600,2.451777696609497,0.70317542552948,1.6002824306488037,2.25199031829834,3.8656539916992188,1.3063801527023315,4.697291851043701
sl_eat_all_ssl_all,3,model.blocks.2,600,2.391428232192993,0.6955333352088928,1.5621042251586914,2.1940736770629883,3.760869264602661,1.2760027647018433,4.564405918121338
sl_eat_all_ssl_all,4,model.blocks.3,600,3.4412264823913574,1.102705478668213,2.1218619346618652,3.1147642135620117,5.560932636260986,1.6506929397583008,6.86349630355835
sl_eat_all_ssl_all,5,model.blocks.4,600,3.6028523445129395,1.1063960790634155,2.276395797729492,3.29268479347229,5.701669692993164,1.9304243326187134,6.639451503753662
sl_eat_all_ssl_all,6,model.blocks.5,600,3.711879014968872,1.036691427230835,2.4755780696868896,3.4234468936920166,5.530980110168457,2.1964871883392334,6.717215538024902
sl_eat_all_ssl_all,7,model.blocks.6,600,4.4382805824279785,0.961574912071228,3.2637133598327637,4.172258377075195,6.1778082847595215,2.9537858963012695,7.651097297668457
sl_eat_all_ssl_all,8,model.blocks.7,600,4.006223678588867,0.9175005555152893,2.924617290496826,3.7365427017211914,5.696168899536133,2.450472116470337,7.007404327392578
sl_eat_all_ssl_all,9,model.blocks.8,600,2.972970962524414,0.8188073039054871,2.0472412109375,2.687046527862549,4.355719566345215,1.8003517389297485,5.886781692504883
sl_eat_all_ssl_all,10,model.blocks.9,600,2.2211546897888184,0.5754947662353516,1.5379164218902588,2.042095899581909,3.279714345932007,1.365106463432312,4.170914173126221
sl_eat_all_ssl_all,11,model.blocks.10,600,1.720492959022522,0.2074412703514099,1.40376877784729,1.7092456817626953,2.062587022781372,1.275926947593689,2.373356819152832
sl_eat_all_ssl_all,12,model.blocks.11,600,5.089099884033203,1.4303152561187744,3.7815165519714355,4.487863540649414,8.21955680847168,3.458163261413574,10.06705093383789
sl_eat_bio_ssl_all,0,model.pos_drop,600,0.24211235344409943,0.09787231683731079,0.13398057222366333,0.21769143640995026,0.4576778709888458,0.10490186512470245,0.5473848581314087
sl_eat_bio_ssl_all,1,model.blocks.0,600,1.9897884130477905,0.6287819147109985,1.4141548871994019,1.7068672180175781,3.307741165161133,1.330642819404602,4.402078628540039
sl_eat_bio_ssl_all,2,model.blocks.1,600,2.285475969314575,0.5600892305374146,1.779299259185791,2.071680784225464,3.5682780742645264,1.6403844356536865,4.628424644470215
sl_eat_bio_ssl_all,3,model.blocks.2,600,2.5403616428375244,0.47859349846839905,2.0276105403900146,2.390411615371704,3.534605026245117,1.9254077672958374,4.678571701049805
sl_eat_bio_ssl_all,4,model.blocks.3,600,3.2922399044036865,0.6919451355934143,2.500213623046875,3.081820487976074,4.714859962463379,2.323075294494629,5.967438220977783
sl_eat_bio_ssl_all,5,model.blocks.4,600,3.637603282928467,0.7050520181655884,2.7773401737213135,3.4813265800476074,4.97218656539917,2.549833297729492,6.009324073791504
sl_eat_bio_ssl_all,6,model.blocks.5,600,3.8462255001068115,0.6836575269699097,2.9597294330596924,3.7389955520629883,5.0826287269592285,2.6764700412750244,5.927038669586182
sl_eat_bio_ssl_all,7,model.blocks.6,600,5.093362808227539,0.7214716672897339,4.122978210449219,4.992663383483887,6.394470691680908,3.6231534481048584,7.09637451171875
sl_eat_bio_ssl_all,8,model.blocks.7,600,5.095270156860352,0.5927338600158691,4.2328081130981445,5.050442695617676,6.1842360496521,3.7304210662841797,6.88541841506958
sl_eat_bio_ssl_all,9,model.blocks.8,600,4.724510669708252,0.48614782094955444,4.009435653686523,4.6826982498168945,5.694468975067139,3.562842607498169,6.2462921142578125
sl_eat_bio_ssl_all,10,model.blocks.9,600,3.658839464187622,0.3348347544670105,3.12113094329834,3.636826515197754,4.25111198425293,2.7680349349975586,4.803937911987305
sl_eat_bio_ssl_all,11,model.blocks.10,600,3.752938747406006,0.3175363540649414,3.2945854663848877,3.7090559005737305,4.307581424713135,3.0682663917541504,5.036134243011475
sl_eat_bio_ssl_all,12,model.blocks.11,600,12.653573036193848,0.87849360704422,11.230169296264648,12.660605430603027,14.129829406738281,10.468643188476562,15.611021041870117
