model,layer_idx,layer_name,mean_cos_principal_angles_frame,min_cos_principal_angles_frame,max_cos_principal_angles_frame,k,n_bio_frames,n_nonbio_frames
sl_eat_bio_ssl_all,0,layer_00,0.8993564526313647,0.14257622548750015,0.9999149951151257,10,20000,10000
sl_eat_bio_ssl_all,1,layer_01,0.8845547158248752,0.1449459801687741,0.9994480876193212,10,20000,10000
sl_eat_bio_ssl_all,2,layer_02,0.8141742184510565,0.08659690380493494,0.9960483333524273,10,20000,10000
sl_eat_bio_ssl_all,3,layer_03,0.8171028911791961,0.4463458746617791,0.989276496918445,10,20000,10000
sl_eat_bio_ssl_all,4,layer_04,0.7608695036942099,0.048722621625172144,0.9698478389099486,10,20000,10000
sl_eat_bio_ssl_all,5,layer_05,0.7423911319512653,0.23367094066738706,0.9462626529683693,10,20000,10000
sl_eat_bio_ssl_all,6,layer_06,0.648053919955569,0.10384428641930639,0.9279225359798499,10,20000,10000
sl_eat_bio_ssl_all,7,layer_07,0.6014066815011139,0.046254455095357555,0.8973373095292643,10,20000,10000
sl_eat_bio_ssl_all,8,layer_08,0.685046911015465,0.19392937950940384,0.956881482528868,10,20000,10000
sl_eat_bio_ssl_all,9,layer_09,0.5698640681245404,0.026647690927932982,0.9465525318226101,10,20000,10000
sl_eat_bio_ssl_all,10,layer_10,0.6687409098764003,0.027859924171532137,0.9616262935971049,10,20000,10000
sl_eat_bio_ssl_all,11,layer_11,0.715391719487562,0.05395944153778059,0.9768406498809565,10,20000,10000
sl_eat_bio_ssl_all,12,layer_12,0.7393142014128066,0.15454632125325904,0.965550590183054,10,20000,10000
