model,layer_idx,level,group,n_clips,effective_rank,participation_ratio,mle_id_k20,n_frames
eat_all,0,class,Aves,400,9.704508572657486,3.981282847048523,14.932413910782248,20000
eat_all,0,class,Mammalia,200,10.21317252833335,4.21158922102727,3.1130586217251377,10000
eat_all,0,order,Passeriformes,100,9.627856310777647,3.957834367555537,8.966517238052717,5000
eat_all,0,order,other-Aves,300,9.702456645882064,3.9804788338423163,15.184337576684724,15000
eat_all,1,class,Aves,400,48.21853136907663,22.509078143975188,8.49009559926198,20000
eat_all,1,class,Mammalia,200,44.052244958723065,17.29005490341656,2.786769900812535,10000
eat_all,1,order,Passeriformes,100,48.28739722256806,22.778692423349653,9.610755195110274,5000
eat_all,1,order,other-Aves,300,47.92584315428277,22.344947464314288,8.190370065346588,15000
eat_all,2,class,Aves,400,88.16800375675838,47.35877436766231,14.871810543666315,20000
eat_all,2,class,Mammalia,200,87.94978233966262,44.78004772595393,2.737206393103046,10000
eat_all,2,order,Passeriformes,100,86.41452537640646,46.426704839416495,14.861591908802758,5000
eat_all,2,order,other-Aves,300,87.80797072261625,47.22639305605045,14.503286716404489,15000
eat_all,3,class,Aves,400,107.23869229443976,56.21476840719485,14.801346955906165,20000
eat_all,3,class,Mammalia,200,107.46436071202291,53.14932145191543,2.759622943385008,10000
eat_all,3,order,Passeriformes,100,104.39069792136034,54.86986726006826,14.011965228144687,5000
eat_all,3,order,other-Aves,300,106.46941118096048,55.87263495414086,14.253103435001858,15000
eat_all,4,class,Aves,400,150.38260129576244,71.1331699195888,16.84566692646025,20000
eat_all,4,class,Mammalia,200,145.10391953330577,67.16035145793907,2.8508827796853784,10000
eat_all,4,order,Passeriformes,100,144.38894876247977,68.76375665395031,15.186403444691946,5000
eat_all,4,order,other-Aves,300,148.76678193872908,70.45090233937674,15.952310900795815,15000
eat_all,5,class,Aves,400,176.03266614507092,76.53258789082203,15.497705010778525,20000
eat_all,5,class,Mammalia,200,162.6164742387031,71.25462424264444,2.526586771473236,10000
eat_all,5,order,Passeriformes,100,163.62076119261965,72.28761743431282,12.70364891160947,5000
eat_all,5,order,other-Aves,300,173.98104543909042,75.86741773418915,14.31970437823917,15000
eat_all,6,class,Aves,400,217.87873844941814,91.11921536377413,14.998760065041868,20000
eat_all,6,class,Mammalia,200,185.14426212702526,79.65324029237118,2.4126523186770186,10000
eat_all,6,order,Passeriformes,100,198.805585797096,83.96045995554991,11.228314874822416,5000
eat_all,6,order,other-Aves,300,214.0365404175245,90.03406393949358,13.290457672105893,15000
eat_all,7,class,Aves,400,236.3446513551734,97.51207223763944,14.904580906253804,20000
eat_all,7,class,Mammalia,200,192.9573534251719,82.13450721414857,2.4049665211377373,10000
eat_all,7,order,Passeriformes,100,212.55959118950457,89.18461419652276,10.97841455191787,5000
eat_all,7,order,other-Aves,300,232.3435513208297,96.5733907000205,13.061952608954588,15000
eat_all,8,class,Aves,400,172.1763878322955,66.06120829198785,14.664927980689049,20000
eat_all,8,class,Mammalia,200,155.01244861186646,64.45339067104436,2.527514342075552,10000
eat_all,8,order,Passeriformes,100,157.79094443661504,61.89524866644458,11.578173005608127,5000
eat_all,8,order,other-Aves,300,169.7316001519439,65.59294370548197,13.16585155685807,15000
eat_all,9,class,Aves,400,179.64665150241768,71.36945811730146,11.923824755327495,20000
eat_all,9,class,Mammalia,200,146.57910295231434,60.48940571760827,2.3037803809089312,10000
eat_all,9,order,Passeriformes,100,161.05131473347132,65.23215768281447,8.720671887867281,5000
eat_all,9,order,other-Aves,300,176.92487947650932,70.95847609292473,10.738799603099103,15000
eat_all,10,class,Aves,400,175.6131713082139,71.28417208219192,11.697735760146102,20000
eat_all,10,class,Mammalia,200,138.07963791968484,55.876322805885394,2.2358802265500537,10000
eat_all,10,order,Passeriformes,100,155.65903656463362,63.89414001048174,8.581106293738321,5000
eat_all,10,order,other-Aves,300,173.50015190444947,71.12927249281375,10.438422475335559,15000
eat_all,11,class,Aves,400,226.3615211867047,83.68482434226337,12.731922707412295,20000
eat_all,11,class,Mammalia,200,157.3277138560347,58.66338026147124,2.3213469699305183,10000
eat_all,11,order,Passeriformes,100,201.74503212690956,75.39831727601845,9.62888408078126,5000
eat_all,11,order,other-Aves,300,223.3687882879569,83.38568504468117,11.410693629097398,15000
eat_all,12,class,Aves,400,66.38645924623782,11.495259132904083,17.565760765013938,20000
eat_all,12,class,Mammalia,200,45.39528637717831,9.121014011172798,2.6606171894314112,10000
eat_all,12,order,Passeriformes,100,61.98122358018203,11.451471151947004,13.957133782378959,5000
eat_all,12,order,other-Aves,300,65.70460112032447,11.464915819672688,15.881634202204017,15000
eat_bio,0,class,Aves,400,25.40102419914437,9.284865854194774,14.565510130634108,20000
eat_bio,0,class,Mammalia,200,25.500433402434158,9.880839260063272,3.0429216051870616,10000
eat_bio,0,order,Passeriformes,100,25.348770223291705,9.281641709527676,8.989333410739802,5000
eat_bio,0,order,other-Aves,300,25.358448391686043,9.257664025052344,14.852944326174967,15000
eat_bio,1,class,Aves,400,70.31177271821376,37.31191381292275,14.319003332459415,20000
eat_bio,1,class,Mammalia,200,62.768489123115124,31.287561426305118,2.9375844605867187,10000
eat_bio,1,order,Passeriformes,100,69.85132958472555,37.09705379775673,13.60002039438808,5000
eat_bio,1,order,other-Aves,300,69.97383019731758,37.05669196531218,13.782516377142288,15000
eat_bio,2,class,Aves,400,52.49517704359808,31.438456918869836,7.868632043365784,20000
eat_bio,2,class,Mammalia,200,48.343159154919185,24.835993609186783,2.4980582207266444,10000
eat_bio,2,order,Passeriformes,100,52.596490151028,31.726442379352637,8.4227933685602,5000
eat_bio,2,order,other-Aves,300,52.123596753442385,31.186824096908214,7.757923014713824,15000
eat_bio,3,class,Aves,400,69.79165523553068,40.60185959072881,10.637052060906008,20000
eat_bio,3,class,Mammalia,200,64.85685547235845,32.8638539795788,2.6470059893638838,10000
eat_bio,3,order,Passeriformes,100,69.88572948823823,40.919977276870796,10.484132869121625,5000
eat_bio,3,order,other-Aves,300,69.09915266593778,40.171371406138945,10.483130036838103,15000
eat_bio,4,class,Aves,400,113.69315031899191,57.464884709110336,14.553122087866264,20000
eat_bio,4,class,Mammalia,200,106.29061022287955,51.70972424483425,2.781924643611386,10000
eat_bio,4,order,Passeriformes,100,111.48715939794131,56.85705459107757,13.37461881429994,5000
eat_bio,4,order,other-Aves,300,112.41045269412831,56.75918998781816,14.07851469755101,15000
eat_bio,5,class,Aves,400,128.28921899604742,60.16123408527927,14.545077245082183,20000
eat_bio,5,class,Mammalia,200,115.26043131271828,52.07317604766401,2.6024875204758278,10000
eat_bio,5,order,Passeriformes,100,123.23902374004858,58.65867384923579,13.05448753023566,5000
eat_bio,5,order,other-Aves,300,126.96350961837716,59.656521841300425,14.032589726350544,15000
eat_bio,6,class,Aves,400,184.60849945017222,75.30426838915959,16.603518354419197,20000
eat_bio,6,class,Mammalia,200,153.92846497204096,64.10725848418811,2.5207440524326086,10000
eat_bio,6,order,Passeriformes,100,176.65644726964916,72.89702378674858,13.413484515522788,5000
eat_bio,6,order,other-Aves,300,180.78611927963703,73.949069370527,15.138922820402566,15000
eat_bio,7,class,Aves,400,192.72496347948908,74.63167829648594,15.374814973644526,20000
eat_bio,7,class,Mammalia,200,159.17585938458632,64.40954533049738,2.519576180083454,10000
eat_bio,7,order,Passeriformes,100,180.0295377362066,71.01080069662154,12.160262555187167,5000
eat_bio,7,order,other-Aves,300,189.02912782390342,73.60654923051251,13.82397200340317,15000
eat_bio,8,class,Aves,400,160.83031060465012,62.49211125419384,12.43232113894918,20000
eat_bio,8,class,Mammalia,200,128.1254749184837,50.49696607556836,2.5303814826179227,10000
eat_bio,8,order,Passeriformes,100,148.26834603866,58.909081794798865,9.943636568606738,5000
eat_bio,8,order,other-Aves,300,158.396466100489,61.86601287517025,11.186537756456964,15000
eat_bio,9,class,Aves,400,164.1227011800742,67.44333937366804,11.109798457871142,20000
eat_bio,9,class,Mammalia,200,116.34927476004813,47.764944124081474,2.417251028807321,10000
eat_bio,9,order,Passeriformes,100,148.5922229253591,62.33521121160908,8.79470344418489,5000
eat_bio,9,order,other-Aves,300,161.89863430703957,66.81370220065969,10.343338270572882,15000
eat_bio,10,class,Aves,400,179.92174137851222,71.710624503494,11.369504301774898,20000
eat_bio,10,class,Mammalia,200,113.1779476699097,43.89226821568656,2.36957568130589,10000
eat_bio,10,order,Passeriformes,100,161.17121701481878,65.85722324526719,8.980944260206877,5000
eat_bio,10,order,other-Aves,300,177.58899185870416,71.06858290070812,10.436086054661185,15000
eat_bio,11,class,Aves,400,196.80151599000018,65.70806073978646,12.241041553241663,20000
eat_bio,11,class,Mammalia,200,122.53622090557687,43.28307457611183,2.457117736310105,10000
eat_bio,11,order,Passeriformes,100,179.35853692118044,61.478132047803285,10.071768550209233,5000
eat_bio,11,order,other-Aves,300,193.761824750238,65.01132733769164,11.29523291565563,15000
eat_bio,12,class,Aves,400,206.92970409077947,35.46663106068489,17.865560722275895,20000
eat_bio,12,class,Mammalia,200,123.39353908079191,25.817879643878463,2.641458180937244,10000
eat_bio,12,order,Passeriformes,100,186.82493396053428,34.8685508022371,14.718625740760412,5000
eat_bio,12,order,other-Aves,300,203.91992633523694,35.296966083029304,16.053074110855583,15000
sl_eat_all_ssl_all,0,class,Aves,400,43.27737918469699,18.52517400793631,13.13744237511524,20000
sl_eat_all_ssl_all,0,class,Mammalia,200,42.2627147276087,19.30500623103464,2.948056950477855,10000
sl_eat_all_ssl_all,0,order,Passeriformes,100,42.08132672983278,17.659966287110805,8.76122190933989,5000
sl_eat_all_ssl_all,0,order,other-Aves,300,43.56497047230324,18.803379336077697,13.269393413432091,15000
sl_eat_all_ssl_all,1,class,Aves,400,68.02113160506445,39.47916175307886,12.906416202634441,20000
sl_eat_all_ssl_all,1,class,Mammalia,200,64.12098374616892,33.90728026492791,2.8602490643536447,10000
sl_eat_all_ssl_all,1,order,Passeriformes,100,67.22740378868552,38.714060689936616,13.316834307203255,5000
sl_eat_all_ssl_all,1,order,other-Aves,300,67.8965153337055,39.49966527711875,12.355952552758563,15000
sl_eat_all_ssl_all,2,class,Aves,400,80.99818881394766,46.73717415379976,15.20131157323093,20000
sl_eat_all_ssl_all,2,class,Mammalia,200,75.9085751124666,40.595764950250114,2.730588829882634,10000
sl_eat_all_ssl_all,2,order,Passeriformes,100,79.79224574114262,46.08519048827292,15.370462862819572,5000
sl_eat_all_ssl_all,2,order,other-Aves,300,80.75276064983981,46.58912738777125,15.007364590247535,15000
sl_eat_all_ssl_all,3,class,Aves,400,104.86136522790994,61.04710183136575,17.447549441102414,20000
sl_eat_all_ssl_all,3,class,Mammalia,200,95.52211983969177,51.28405938198151,2.8262191935960606,10000
sl_eat_all_ssl_all,3,order,Passeriformes,100,103.01634763128851,59.37393019468617,17.276764687361588,5000
sl_eat_all_ssl_all,3,order,other-Aves,300,104.23670914606464,60.74913161125299,16.904129707333713,15000
sl_eat_all_ssl_all,4,class,Aves,400,135.38185249221684,72.75525241215264,18.802468677537,20000
sl_eat_all_ssl_all,4,class,Mammalia,200,115.02492163392543,54.869829787035975,2.9688296566007293,10000
sl_eat_all_ssl_all,4,order,Passeriformes,100,132.85685146730984,70.68685549646983,17.569690878141675,5000
sl_eat_all_ssl_all,4,order,other-Aves,300,133.98862086067479,72.06747873424173,18.24963448369956,15000
sl_eat_all_ssl_all,5,class,Aves,400,168.83547380267052,84.55045377082945,18.645836212265685,20000
sl_eat_all_ssl_all,5,class,Mammalia,200,134.2658025034743,55.92003195073996,2.6500383243715313,10000
sl_eat_all_ssl_all,5,order,Passeriformes,100,160.59720773190196,79.47922667134848,16.268959936461194,5000
sl_eat_all_ssl_all,5,order,other-Aves,300,167.20509913479552,83.86205332974444,17.4433073833554,15000
sl_eat_all_ssl_all,6,class,Aves,400,191.39734745618213,91.47976458392932,17.61147428907534,20000
sl_eat_all_ssl_all,6,class,Mammalia,200,142.18096257119456,55.192988754673934,2.5642845652427795,10000
sl_eat_all_ssl_all,6,order,Passeriformes,100,181.9660946113346,87.20027239239509,14.595523222163367,5000
sl_eat_all_ssl_all,6,order,other-Aves,300,188.01839508105178,89.69257712519466,16.313825187627714,15000
sl_eat_all_ssl_all,7,class,Aves,400,210.8674945606143,98.70904284045919,17.995959256456533,20000
sl_eat_all_ssl_all,7,class,Mammalia,200,152.0370580171381,59.75355003606204,2.5407701279085684,10000
sl_eat_all_ssl_all,7,order,Passeriformes,100,197.6863987020598,93.85072374734398,14.553529860621097,5000
sl_eat_all_ssl_all,7,order,other-Aves,300,206.0105515871177,96.01634175556221,15.557005109927704,15000
sl_eat_all_ssl_all,8,class,Aves,400,152.75329283373335,66.37751301344434,13.547936627343935,20000
sl_eat_all_ssl_all,8,class,Mammalia,200,123.10639365621803,50.31364731279901,2.6231344621220924,10000
sl_eat_all_ssl_all,8,order,Passeriformes,100,144.4348548756645,63.31314244581773,10.947820676479344,5000
sl_eat_all_ssl_all,8,order,other-Aves,300,149.62762916646852,65.1690215364787,12.294410694000593,15000
sl_eat_all_ssl_all,9,class,Aves,400,167.8304165870145,69.59636479622351,10.643410014475169,20000
sl_eat_all_ssl_all,9,class,Mammalia,200,146.3202119693235,62.08424764684119,2.220060059857877,10000
sl_eat_all_ssl_all,9,order,Passeriformes,100,156.37563954475226,67.90799197173017,7.696635947587684,5000
sl_eat_all_ssl_all,9,order,other-Aves,300,161.7078326160426,67.09520369482748,9.401879949823076,15000
sl_eat_all_ssl_all,10,class,Aves,400,135.4301401914544,45.77363513812189,10.461749698762429,20000
sl_eat_all_ssl_all,10,class,Mammalia,200,134.55437062854526,56.29167591613065,2.19016442140209,10000
sl_eat_all_ssl_all,10,order,Passeriformes,100,126.12862368412296,45.66748254911505,7.2470428795078465,5000
sl_eat_all_ssl_all,10,order,other-Aves,300,130.97148187870653,44.66731232490453,9.303879624360698,15000
sl_eat_all_ssl_all,11,class,Aves,400,49.60752077942546,10.158655872734922,10.280508253941145,20000
sl_eat_all_ssl_all,11,class,Mammalia,200,71.78368489624408,16.79377292317198,2.259863414685838,10000
sl_eat_all_ssl_all,11,order,Passeriformes,100,48.22813945968554,10.429397433806704,7.296029776688026,5000
sl_eat_all_ssl_all,11,order,other-Aves,300,48.406664170589856,10.020689081005006,8.835477005792166,15000
sl_eat_all_ssl_all,12,class,Aves,400,9.015713436425237,2.2914165714788024,10.506273217221958,20000
sl_eat_all_ssl_all,12,class,Mammalia,200,17.389655129444048,3.806748788029238,2.3107459313937913,10000
sl_eat_all_ssl_all,12,order,Passeriformes,100,9.151628662948111,2.34710117059122,7.355972305134713,5000
sl_eat_all_ssl_all,12,order,other-Aves,300,8.743566347593354,2.2656808716338253,9.002374698259453,15000
sl_eat_bio_ssl_all,0,class,Aves,400,15.81187171802541,5.6449999457355515,14.71455494488259,20000
sl_eat_bio_ssl_all,0,class,Mammalia,200,16.3887432593998,6.038540924160961,3.0611967194603054,10000
sl_eat_bio_ssl_all,0,order,Passeriformes,100,15.579746185237248,5.5535042805489585,8.935685253483062,5000
sl_eat_bio_ssl_all,0,order,other-Aves,300,15.84530317764541,5.660278431395691,14.988210299156004,15000
sl_eat_bio_ssl_all,1,class,Aves,400,60.03499012394464,29.054411654631327,10.357001307659418,20000
sl_eat_bio_ssl_all,1,class,Mammalia,200,54.51679097434187,23.305730555886928,2.7987540009046628,10000
sl_eat_bio_ssl_all,1,order,Passeriformes,100,59.89227732422817,29.25881008513448,11.46606305050873,5000
sl_eat_bio_ssl_all,1,order,other-Aves,300,59.717946437851225,28.87002055789055,9.937629358870756,15000
sl_eat_bio_ssl_all,2,class,Aves,400,100.16789294976728,55.80093557536681,16.834206295160723,20000
sl_eat_bio_ssl_all,2,class,Mammalia,200,94.6833752465412,49.892803810009745,2.747829747133557,10000
sl_eat_bio_ssl_all,2,order,Passeriformes,100,97.88500499691946,54.58683601228628,16.316861631225795,5000
sl_eat_bio_ssl_all,2,order,other-Aves,300,99.87591012678391,55.65987491134734,16.453952698638,15000
sl_eat_bio_ssl_all,3,class,Aves,400,129.59582313370203,70.14235666018708,18.009767405992857,20000
sl_eat_bio_ssl_all,3,class,Mammalia,200,122.13532338904692,62.465294898790006,2.785142210835424,10000
sl_eat_bio_ssl_all,3,order,Passeriformes,100,125.52198745140588,67.95574511699486,16.34816106379471,5000
sl_eat_bio_ssl_all,3,order,other-Aves,300,128.80738672306657,69.63987103216576,17.13374983846449,15000
sl_eat_bio_ssl_all,4,class,Aves,400,187.974316268913,94.65944090271724,19.240789679101315,20000
sl_eat_bio_ssl_all,4,class,Mammalia,200,167.92503022398714,79.94610841583848,2.9054646866691494,10000
sl_eat_bio_ssl_all,4,order,Passeriformes,100,180.83671861458242,92.26300282320656,16.11223065175399,5000
sl_eat_bio_ssl_all,4,order,other-Aves,300,185.39659102668816,92.89382459888826,17.984764616486974,15000
sl_eat_bio_ssl_all,5,class,Aves,400,250.48771195073127,118.25207443474189,15.421897211898537,20000
sl_eat_bio_ssl_all,5,class,Mammalia,200,208.44234978552066,92.09516747652101,2.4631414333574573,10000
sl_eat_bio_ssl_all,5,order,Passeriformes,100,233.03046516201857,112.56757885121118,11.608859207998808,5000
sl_eat_bio_ssl_all,5,order,other-Aves,300,245.67024078167458,115.13348030051657,13.738192638628833,15000
sl_eat_bio_ssl_all,6,class,Aves,400,316.53966489617363,153.60954552160885,12.662389917184813,20000
sl_eat_bio_ssl_all,6,class,Mammalia,200,232.41670816385908,100.0967694770928,2.252311436158432,10000
sl_eat_bio_ssl_all,6,order,Passeriformes,100,288.47204318162466,142.40204310035526,8.812038514704696,5000
sl_eat_bio_ssl_all,6,order,other-Aves,300,306.92041544218614,147.89066979709006,10.822364885668943,15000
sl_eat_bio_ssl_all,7,class,Aves,400,356.1894807402518,177.58377183238917,10.573779916935468,20000
sl_eat_bio_ssl_all,7,class,Mammalia,200,227.05926130078566,93.18871560912679,2.1454016286538105,10000
sl_eat_bio_ssl_all,7,order,Passeriformes,100,312.2516363578197,157.51034497584166,7.194871893741909,5000
sl_eat_bio_ssl_all,7,order,other-Aves,300,342.9714897671188,169.90366617948692,8.883692875321799,15000
sl_eat_bio_ssl_all,8,class,Aves,400,306.04643007339666,125.15846027450415,10.19557805634026,20000
sl_eat_bio_ssl_all,8,class,Mammalia,200,210.14175638337397,87.44811553004334,2.1477395947655054,10000
sl_eat_bio_ssl_all,8,order,Passeriformes,100,270.1159058388161,116.4079440077929,6.801747065823555,5000
sl_eat_bio_ssl_all,8,order,other-Aves,300,292.8414197429269,119.44581514693823,8.31768037744528,15000
sl_eat_bio_ssl_all,9,class,Aves,400,319.45780519097104,135.7338696358949,7.645464090554524,20000
sl_eat_bio_ssl_all,9,class,Mammalia,200,199.76553455675955,79.72464615032884,1.8782970427573427,10000
sl_eat_bio_ssl_all,9,order,Passeriformes,100,270.04078494185967,121.09157574807614,5.031707188227538,5000
sl_eat_bio_ssl_all,9,order,other-Aves,300,302.33740711339425,128.46341912331192,6.256483890815566,15000
sl_eat_bio_ssl_all,10,class,Aves,400,289.22871700154616,107.92476582913132,7.786708731942112,20000
sl_eat_bio_ssl_all,10,class,Mammalia,200,192.80557635906922,76.72676623387915,1.8334712583319226,10000
sl_eat_bio_ssl_all,10,order,Passeriformes,100,237.12311581904416,96.75153100287876,4.802434351968909,5000
sl_eat_bio_ssl_all,10,order,other-Aves,300,275.0412848168324,103.53965968499341,6.173044060246478,15000
sl_eat_bio_ssl_all,11,class,Aves,400,262.8445561554218,70.66402872144874,9.323617133620358,20000
sl_eat_bio_ssl_all,11,class,Mammalia,200,176.37164149294384,49.653965683912155,1.9140258236248657,10000
sl_eat_bio_ssl_all,11,order,Passeriformes,100,219.93381748977876,65.2432354895816,5.968457529059453,5000
sl_eat_bio_ssl_all,11,order,other-Aves,300,252.58200527862712,69.49568288776709,7.478766513256708,15000
sl_eat_bio_ssl_all,12,class,Aves,400,196.63301743666332,77.81365795827075,9.99195663010018,20000
sl_eat_bio_ssl_all,12,class,Mammalia,200,132.31030487966555,48.487520424448306,1.9135073237651936,10000
sl_eat_bio_ssl_all,12,order,Passeriformes,100,170.04667868446344,72.87604518578819,6.033140670642866,5000
sl_eat_bio_ssl_all,12,order,other-Aves,300,189.4049086173835,75.23435253052901,7.811990198806274,15000
random_init_eat_seed42,0,class,Aves,400,10.453292997229504,2.7913682673561135,22.44155177154572,20000
random_init_eat_seed42,0,class,Mammalia,200,10.803979561107592,2.834354971353146,2.9318660097743012,10000
random_init_eat_seed42,0,order,Passeriformes,100,10.1833993803601,2.817766547228626,10.637393272294691,5000
random_init_eat_seed42,0,order,other-Aves,300,10.549904446881396,2.7948509786661524,23.39718221184965,15000
random_init_eat_seed42,1,class,Aves,400,10.860983437154905,2.8738080698349266,23.53215586311698,20000
random_init_eat_seed42,1,class,Mammalia,200,11.54478720507386,3.025660672018435,2.9796217834674548,10000
random_init_eat_seed42,1,order,Passeriformes,100,10.79535319720784,2.937315085816877,18.497543799449495,5000
random_init_eat_seed42,1,order,other-Aves,300,10.885815719316685,2.864990013012063,22.783490243868588,15000
random_init_eat_seed42,2,class,Aves,400,11.575822253678446,3.0640220516446135,21.87620827563985,20000
random_init_eat_seed42,2,class,Mammalia,200,12.03548597779438,3.228973815360837,2.7774527932772393,10000
random_init_eat_seed42,2,order,Passeriformes,100,11.82764438137253,3.201313034929173,16.96808146380474,5000
random_init_eat_seed42,2,order,other-Aves,300,11.515217198093449,3.0364761426706925,21.202220150484543,15000
random_init_eat_seed42,3,class,Aves,400,11.904230923697758,3.208873747535155,20.33581985667528,20000
random_init_eat_seed42,3,class,Mammalia,200,12.290195645766486,3.4236441584847306,2.829815375638453,10000
random_init_eat_seed42,3,order,Passeriformes,100,11.642682908616997,3.236363678675178,15.186859315171358,5000
random_init_eat_seed42,3,order,other-Aves,300,12.005726356905395,3.214933201436164,19.576732897814694,15000
random_init_eat_seed42,4,class,Aves,400,11.741826578319147,3.3076439516633416,19.398918777562358,20000
random_init_eat_seed42,4,class,Mammalia,200,12.017962559257393,3.5406263912088938,2.9377278500018416,10000
random_init_eat_seed42,4,order,Passeriformes,100,11.756274429133402,3.4168815254867435,14.771514284341395,5000
random_init_eat_seed42,4,order,other-Aves,300,11.757254222307013,3.289133076147768,18.763331501469665,15000
random_init_eat_seed42,5,class,Aves,400,11.723451050386304,3.3460341485063694,18.223918463612534,20000
random_init_eat_seed42,5,class,Mammalia,200,11.728563641335061,3.621830685445652,2.762519689583658,10000
random_init_eat_seed42,5,order,Passeriformes,100,12.021858084151514,3.5223897470810055,13.506399657984856,5000
random_init_eat_seed42,5,order,other-Aves,300,11.675345454858492,3.3147015928354064,17.99688006641982,15000
random_init_eat_seed42,6,class,Aves,400,11.558256717027895,3.3832900604154283,18.103185978280106,20000
random_init_eat_seed42,6,class,Mammalia,200,11.465841494517344,3.6570290923383797,2.733276363538766,10000
random_init_eat_seed42,6,order,Passeriformes,100,11.999323255655817,3.623812707304557,12.91460111451353,5000
random_init_eat_seed42,6,order,other-Aves,300,11.480645955910129,3.338966058582419,17.672168346377205,15000
random_init_eat_seed42,7,class,Aves,400,11.388416813863726,3.442441930064447,17.440771102761843,20000
random_init_eat_seed42,7,class,Mammalia,200,10.96320169034291,3.6366817628234767,2.8290836256485976,10000
random_init_eat_seed42,7,order,Passeriformes,100,11.66140600302496,3.643963329292586,13.129047670939416,5000
random_init_eat_seed42,7,order,other-Aves,300,11.34964659902123,3.405964059629196,16.85522668156692,15000
random_init_eat_seed42,8,class,Aves,400,11.140373452059455,3.472694425522118,16.334290317793894,20000
random_init_eat_seed42,8,class,Mammalia,200,10.966966151941946,3.7083275953254646,2.9855575460438906,10000
random_init_eat_seed42,8,order,Passeriformes,100,11.255880353980647,3.6527207322718396,12.064358295563482,5000
random_init_eat_seed42,8,order,other-Aves,300,11.16344329062525,3.4477419144240247,16.025669447765402,15000
random_init_eat_seed42,9,class,Aves,400,10.860292241773257,3.4247179948046313,15.689630490633522,20000
random_init_eat_seed42,9,class,Mammalia,200,10.310602137837355,3.5614631828543484,2.9039654034569464,10000
random_init_eat_seed42,9,order,Passeriformes,100,11.525713209850068,3.7428604579479274,11.29654300589231,5000
random_init_eat_seed42,9,order,other-Aves,300,10.740446988795535,3.3695112259623388,15.924326959863167,15000
random_init_eat_seed42,10,class,Aves,400,10.45766289681877,3.375272468102987,15.8898976483441,20000
random_init_eat_seed42,10,class,Mammalia,200,9.719073588878993,3.421333543324192,2.80180936804084,10000
random_init_eat_seed42,10,order,Passeriformes,100,10.563627401559536,3.5815848234040066,11.491778120997463,5000
random_init_eat_seed42,10,order,other-Aves,300,10.467475641358384,3.3385230352928956,15.69915597359175,15000
random_init_eat_seed42,11,class,Aves,400,10.015678441770229,3.2692988053248193,15.043998034234438,20000
random_init_eat_seed42,11,class,Mammalia,200,9.02671428927448,3.238077534995985,2.893333845364497,10000
random_init_eat_seed42,11,order,Passeriformes,100,10.56369956250227,3.578358708661275,11.46049245776634,5000
random_init_eat_seed42,11,order,other-Aves,300,9.929363362378984,3.2161942202735823,14.45933432308735,15000
random_init_eat_seed42,12,class,Aves,400,9.649443392678737,3.1897026891258378,15.065378641158706,20000
random_init_eat_seed42,12,class,Mammalia,200,8.693067767048461,3.121709498284101,2.9015003056110675,10000
random_init_eat_seed42,12,order,Passeriformes,100,10.128130192949355,3.4700279963084366,10.746919500056476,5000
random_init_eat_seed42,12,order,other-Aves,300,9.58719024759982,3.146544151418317,14.64198329524377,15000
