bio_idx,nonbio_idx,alpha,bio_file,nonbio_file,bio_source,nonbio_source,valid_token_count,bio_axis_projection,energy_in_bio_top10,energy_in_nonbio_top10,energy_ratio_bio_over_total,cos_to_bio_centroid,cos_to_nonbio_centroid
0,0,0.0,9777100K.flac,YHOtQseh7MIM.flac,Watkins,WavCaps,505,-1.2570310498416994,2.455437826659675,4.314462791784596,0.3626992425811912,0.6055720381549098,0.7043822370966086
0,0,0.25,9777100K.flac,YHOtQseh7MIM.flac,Watkins,WavCaps,505,-0.47779624872707843,0.5127050486864263,1.5894119676988907,0.2438993855670534,0.7719497099290595,0.8028338343321789
0,0,0.5,9777100K.flac,YHOtQseh7MIM.flac,Watkins,WavCaps,505,-0.474246523730458,0.5475161663512453,1.6592813067025323,0.24810440153059887,0.7671577550894308,0.7975202063436074
0,0,0.75,9777100K.flac,YHOtQseh7MIM.flac,Watkins,WavCaps,505,-0.47649010507219797,0.5798040394451144,1.718225784029455,0.25230483674422627,0.7627071687778759,0.7933562675615506
0,0,1.0,9777100K.flac,YHOtQseh7MIM.flac,Watkins,WavCaps,505,-0.47942674251050904,0.6090621845869134,1.7716231976753527,0.25583480670097913,0.7588749775605181,0.7898275959989114
0,1,0.0,9777100K.flac,YDTngmSh5wnI.wav,Watkins,NatureLM,505,-1.2570310498416994,2.455437826659675,4.314462791784596,0.3626992425811912,0.6055720381549098,0.7043822370966086
0,1,0.25,9777100K.flac,YDTngmSh5wnI.wav,Watkins,NatureLM,505,-0.35485961622828227,0.4790793592327856,0.9245612950592528,0.3413119716701433,0.8036303878377792,0.8214550823345179
0,1,0.5,9777100K.flac,YDTngmSh5wnI.wav,Watkins,NatureLM,505,-0.36511026967557947,0.5240899359573087,0.9912720477815211,0.3458513157788408,0.7940851123200032,0.8131888768365152
0,1,0.75,9777100K.flac,YDTngmSh5wnI.wav,Watkins,NatureLM,505,-0.3713995074411547,0.5494491052842111,1.0253111736524718,0.34890968018015583,0.7882921004540054,0.8081536388370649
0,1,1.0,9777100K.flac,YDTngmSh5wnI.wav,Watkins,NatureLM,505,-0.3750396317376838,0.5506306863590409,1.0259485509330488,0.34925658878065424,0.7826587756687562,0.8032691669183998
0,2,0.0,9777100K.flac,ICLISTENHF1251_20140702T183216.535Z_054.wav,Watkins,NatureLM,505,-1.2570310498416994,2.455437826659675,4.314462791784596,0.3626992425811912,0.6055720381549098,0.7043822370966086
0,2,0.25,9777100K.flac,ICLISTENHF1251_20140702T183216.535Z_054.wav,Watkins,NatureLM,505,-1.2547899522943302,2.4532204872314676,4.320230534678762,0.3621817710493487,0.604575686493854,0.7031358527543717
0,2,0.5,9777100K.flac,ICLISTENHF1251_20140702T183216.535Z_054.wav,Watkins,NatureLM,505,-1.2550367432253302,2.4280763749329144,4.297684582001999,0.3610113993762047,0.6094230954477259,0.7076207881149693
0,2,0.75,9777100K.flac,ICLISTENHF1251_20140702T183216.535Z_054.wav,Watkins,NatureLM,505,-1.2536458377614144,2.280338103395867,3.9495355622689776,0.3660328003059934,0.6354632297794613,0.7341481253444024
0,2,1.0,9777100K.flac,ICLISTENHF1251_20140702T183216.535Z_054.wav,Watkins,NatureLM,505,-1.074554221207138,1.9715288094318542,3.2730570794760867,0.375916964884024,0.6502279846016199,0.7362159815452651
0,3,0.0,9777100K.flac,YGPZhcnRhI-I.flac,Watkins,WavCaps,505,-1.2570310498416994,2.455437826659675,4.314462791784596,0.3626992425811912,0.6055720381549098,0.7043822370966086
0,3,0.25,9777100K.flac,YGPZhcnRhI-I.flac,Watkins,WavCaps,505,0.10193477647532675,0.7698420669027641,1.1955975323744115,0.3916895066049788,0.8631894711537098,0.8297430900563761
0,3,0.5,9777100K.flac,YGPZhcnRhI-I.flac,Watkins,WavCaps,505,0.09487069312307295,0.9093428002621243,1.306798495565482,0.4103270860816368,0.8466561678340209,0.8144746490996322
0,3,0.75,9777100K.flac,YGPZhcnRhI-I.flac,Watkins,WavCaps,505,0.08072679267912337,0.9604882217882097,1.320697306620784,0.4210478322901248,0.8444579573922475,0.8140060784220418
0,3,1.0,9777100K.flac,YGPZhcnRhI-I.flac,Watkins,WavCaps,505,0.07313726878186655,1.0101505201530632,1.3502127041209055,0.4279640140825268,0.8367269692489987,0.8073295032467739
0,4,0.0,9777100K.flac,568042.flac,Watkins,WavCaps,505,-1.2570310498416994,2.455437826659675,4.314462791784596,0.3626992425811912,0.6055720381549098,0.7043822370966086
0,4,0.25,9777100K.flac,568042.flac,Watkins,WavCaps,505,-1.2474755017108232,2.231142999062186,3.8222089719209023,0.36857975709280283,0.6347156653982367,0.7340500830632459
0,4,0.5,9777100K.flac,568042.flac,Watkins,WavCaps,505,-1.2544647692364046,2.236665640931137,3.8493753816833833,0.3675074868243792,0.631802355772481,0.7317580045827203
0,4,0.75,9777100K.flac,568042.flac,Watkins,WavCaps,505,-1.253890676990163,2.2225081650663294,3.853163293397067,0.3658045337475219,0.6290864525306876,0.729226426427649
0,4,1.0,9777100K.flac,568042.flac,Watkins,WavCaps,505,-1.2543331904162476,2.2209430029045842,3.872226350188243,0.36449717285098227,0.6259225042007694,0.7261184023308811
1,0,0.0,83035019.flac,YHOtQseh7MIM.flac,Watkins,WavCaps,505,-1.2410913716388048,2.0690839110518615,3.445418360266615,0.37520773575765687,0.6676363105256131,0.7661992144283276
1,0,0.25,83035019.flac,YHOtQseh7MIM.flac,Watkins,WavCaps,505,-0.46399514598334307,0.47621515625487193,1.5002856410465593,0.24093850956450968,0.7900755268759354,0.8200587165887476
1,0,0.5,83035019.flac,YHOtQseh7MIM.flac,Watkins,WavCaps,505,-0.4553012021794078,0.5399221908824254,1.6777445480475905,0.24346407934265546,0.7721776294385132,0.8009866134633983
1,0,0.75,83035019.flac,YHOtQseh7MIM.flac,Watkins,WavCaps,505,-0.46461329927229555,0.5852344789578741,1.7512465245889015,0.2504768830003278,0.7647133071725272,0.7940814168656619
1,0,1.0,83035019.flac,YHOtQseh7MIM.flac,Watkins,WavCaps,505,-0.47942674251050904,0.6090621845869134,1.7716231976753527,0.25583480670097913,0.7588749775605181,0.7898275959989114
1,1,0.0,83035019.flac,YDTngmSh5wnI.wav,Watkins,NatureLM,505,-1.2410913716388048,2.0690839110518615,3.445418360266615,0.37520773575765687,0.6676363105256131,0.7661992144283276
1,1,0.25,83035019.flac,YDTngmSh5wnI.wav,Watkins,NatureLM,505,-0.34167646210301306,0.48752082633624055,0.9412117293552401,0.34122609189113723,0.8052131683860597,0.8214055087237286
1,1,0.5,83035019.flac,YDTngmSh5wnI.wav,Watkins,NatureLM,505,-0.3573676593088277,0.5361849247200959,1.0101482581305137,0.3467460510235306,0.7929981478635026,0.811133288667494
1,1,0.75,83035019.flac,YDTngmSh5wnI.wav,Watkins,NatureLM,505,-0.3678337783259338,0.5587361699322906,1.0425307206403456,0.3489338181047873,0.7871778078834644,0.8065824242221082
1,1,1.0,83035019.flac,YDTngmSh5wnI.wav,Watkins,NatureLM,505,-0.3750396317376838,0.5506306863590409,1.0259485509330488,0.34925658878065424,0.7826587756687562,0.8032691669183998
1,2,0.0,83035019.flac,ICLISTENHF1251_20140702T183216.535Z_054.wav,Watkins,NatureLM,505,-1.2410913716388048,2.0690839110518615,3.445418360266615,0.37520773575765687,0.6676363105256131,0.7661992144283276
1,2,0.25,83035019.flac,ICLISTENHF1251_20140702T183216.535Z_054.wav,Watkins,NatureLM,505,-1.2341357319021191,2.062283434188373,3.4868894415995713,0.37163798648020013,0.6623446474927097,0.7607345099937656
1,2,0.5,83035019.flac,ICLISTENHF1251_20140702T183216.535Z_054.wav,Watkins,NatureLM,505,-1.2340339417388122,2.0575171358389754,3.438366760264336,0.3743741998075678,0.6675640567547032,0.7657032260510013
1,2,0.75,83035019.flac,ICLISTENHF1251_20140702T183216.535Z_054.wav,Watkins,NatureLM,505,-1.2179373989652411,1.9190362877480267,3.091445972065444,0.3830043074175994,0.6907045639900539,0.7892892850532809
1,2,1.0,83035019.flac,ICLISTENHF1251_20140702T183216.535Z_054.wav,Watkins,NatureLM,505,-1.074554221207138,1.9715288094318542,3.2730570794760867,0.375916964884024,0.6502279846016199,0.7362159815452651
1,3,0.0,83035019.flac,YGPZhcnRhI-I.flac,Watkins,WavCaps,505,-1.2410913716388048,2.0690839110518615,3.445418360266615,0.37520773575765687,0.6676363105256131,0.7661992144283276
1,3,0.25,83035019.flac,YGPZhcnRhI-I.flac,Watkins,WavCaps,505,0.11974406553545694,0.7902226625295095,1.2122265992867365,0.3946280575482686,0.8631393136049691,0.8276801566652991
1,3,0.5,83035019.flac,YGPZhcnRhI-I.flac,Watkins,WavCaps,505,0.11268272188090625,0.9127322483483215,1.3188547940299784,0.4090058917780697,0.8499247240312473,0.8157286424855098
1,3,0.75,83035019.flac,YGPZhcnRhI-I.flac,Watkins,WavCaps,505,0.08885867287327777,0.9672320660464045,1.3434144950588058,0.41859801595262824,0.8437588228496119,0.8124443584643042
1,3,1.0,83035019.flac,YGPZhcnRhI-I.flac,Watkins,WavCaps,505,0.07313726878186655,1.0101505201530632,1.3502127041209055,0.4279640140825268,0.8367269692489987,0.8073295032467739
1,4,0.0,83035019.flac,568042.flac,Watkins,WavCaps,505,-1.2410913716388048,2.0690839110518615,3.445418360266615,0.37520773575765687,0.6676363105256131,0.7661992144283276
1,4,0.25,83035019.flac,568042.flac,Watkins,WavCaps,505,-1.2517648371847598,2.0723977996449405,3.4738307263977792,0.37365892694717606,0.6647273368333223,0.7641449670287686
1,4,0.5,83035019.flac,568042.flac,Watkins,WavCaps,505,-1.2539241067086149,2.0477944372098458,3.4747669926617806,0.37080518944222,0.6602019995923011,0.7601062034315789
1,4,0.75,83035019.flac,568042.flac,Watkins,WavCaps,505,-1.2567398001124603,2.0656576370140827,3.4327820039112313,0.3756806970543483,0.6628640048855153,0.7617827326656601
1,4,1.0,83035019.flac,568042.flac,Watkins,WavCaps,505,-1.2543331904162476,2.2209430029045842,3.872226350188243,0.36449717285098227,0.6259225042007694,0.7261184023308811
2,0,0.0,9220100L.flac,YHOtQseh7MIM.flac,Watkins,WavCaps,505,-1.1869650274422638,2.104099905294311,3.500749000473828,0.3754070699620307,0.6598630377518302,0.7551291559330798
2,0,0.25,9220100L.flac,YHOtQseh7MIM.flac,Watkins,WavCaps,505,-0.4813370723586759,0.5087272273445038,1.637799696925959,0.23700016132683932,0.7740913886728109,0.8052616977416649
2,0,0.5,9220100L.flac,YHOtQseh7MIM.flac,Watkins,WavCaps,505,-0.4753206941268799,0.5532952038827272,1.714546363091495,0.24397436396799954,0.7672979171736166,0.7977420515057718
2,0,0.75,9220100L.flac,YHOtQseh7MIM.flac,Watkins,WavCaps,505,-0.47654570588547057,0.5829925420358755,1.7413294223296858,0.25082262740437816,0.7626542731064492,0.7932167633971601
2,0,1.0,9220100L.flac,YHOtQseh7MIM.flac,Watkins,WavCaps,505,-0.47942674251050904,0.6090621845869134,1.7716231976753527,0.25583480670097913,0.7588749775605181,0.7898275959989114
2,1,0.0,9220100L.flac,YDTngmSh5wnI.wav,Watkins,NatureLM,505,-1.1869650274422638,2.104099905294311,3.500749000473828,0.3754070699620307,0.6598630377518302,0.7551291559330798
2,1,0.25,9220100L.flac,YDTngmSh5wnI.wav,Watkins,NatureLM,505,-0.35397837792730485,0.48350887809581883,0.9350812055216706,0.3408376272184579,0.8025126205162889,0.8201861998914797
2,1,0.5,9220100L.flac,YDTngmSh5wnI.wav,Watkins,NatureLM,505,-0.3639169232930822,0.5204297616526193,0.9879118721375324,0.3450344073211628,0.794291690346965,0.8132474358129234
2,1,0.75,9220100L.flac,YDTngmSh5wnI.wav,Watkins,NatureLM,505,-0.37055437827187954,0.5423300132712101,1.0154760011414619,0.3481370647266892,0.7888020305041024,0.808614769449869
2,1,1.0,9220100L.flac,YDTngmSh5wnI.wav,Watkins,NatureLM,505,-0.3750396317376838,0.5506306863590409,1.0259485509330488,0.34925658878065424,0.7826587756687562,0.8032691669183998
2,2,0.0,9220100L.flac,ICLISTENHF1251_20140702T183216.535Z_054.wav,Watkins,NatureLM,505,-1.1869650274422638,2.104099905294311,3.500749000473828,0.3754070699620307,0.6598630377518302,0.7551291559330798
2,2,0.25,9220100L.flac,ICLISTENHF1251_20140702T183216.535Z_054.wav,Watkins,NatureLM,505,-1.177213022717926,2.085552062310641,3.4336964671347006,0.37786884413415406,0.6627356739779566,0.7565689061090559
2,2,0.5,9220100L.flac,ICLISTENHF1251_20140702T183216.535Z_054.wav,Watkins,NatureLM,505,-1.1652814423235656,2.029818064024255,3.341920703501507,0.3778698391469239,0.6649661627417327,0.7585928282931018
2,2,0.75,9220100L.flac,ICLISTENHF1251_20140702T183216.535Z_054.wav,Watkins,NatureLM,505,-1.1369524916939457,1.823326814410904,2.9792152089998676,0.37965869023587945,0.6834894429098355,0.7771617221290397
2,2,1.0,9220100L.flac,ICLISTENHF1251_20140702T183216.535Z_054.wav,Watkins,NatureLM,505,-1.074554221207138,1.9715288094318542,3.2730570794760867,0.375916964884024,0.6502279846016199,0.7362159815452651
2,3,0.0,9220100L.flac,YGPZhcnRhI-I.flac,Watkins,WavCaps,505,-1.1869650274422638,2.104099905294311,3.500749000473828,0.3754070699620307,0.6598630377518302,0.7551291559330798
2,3,0.25,9220100L.flac,YGPZhcnRhI-I.flac,Watkins,WavCaps,505,0.10813453315325597,0.7886114091789321,1.2326023726486097,0.3901672432026884,0.8617573599868172,0.8276963289493167
2,3,0.5,9220100L.flac,YGPZhcnRhI-I.flac,Watkins,WavCaps,505,0.09398611330798476,0.9098981779099331,1.3076678041862768,0.4103139141094818,0.8471740354999655,0.8150917699433219
2,3,0.75,9220100L.flac,YGPZhcnRhI-I.flac,Watkins,WavCaps,505,0.08156317572529902,0.9598747004449028,1.3224037371375474,0.4205773864566979,0.8443423063488509,0.8138019012681412
2,3,1.0,9220100L.flac,YGPZhcnRhI-I.flac,Watkins,WavCaps,505,0.07313726878186655,1.0101505201530632,1.3502127041209055,0.4279640140825268,0.8367269692489987,0.8073295032467739
2,4,0.0,9220100L.flac,568042.flac,Watkins,WavCaps,505,-1.1869650274422638,2.104099905294311,3.500749000473828,0.3754070699620307,0.6598630377518302,0.7551291559330798
2,4,0.25,9220100L.flac,568042.flac,Watkins,WavCaps,505,-1.2136615359722251,2.012384116575374,3.354217161991094,0.37498297565212896,0.6649420684696251,0.7611870326587529
2,4,0.5,9220100L.flac,568042.flac,Watkins,WavCaps,505,-1.2263028848322213,2.0280240850002005,3.3713869434715553,0.3756009820897467,0.6636567996955411,0.7607134889752958
2,4,0.75,9220100L.flac,568042.flac,Watkins,WavCaps,505,-1.236849857676348,2.058271387109352,3.507312417459582,0.3698212908805116,0.6539971625807277,0.7528271391841428
2,4,1.0,9220100L.flac,568042.flac,Watkins,WavCaps,505,-1.2543331904162476,2.2209430029045842,3.872226350188243,0.36449717285098227,0.6259225042007694,0.7261184023308811
3,0,0.0,XC193967-THRUSH_Swainson%27s_c%20ustulatus%20Fish%20Creek%2C%20Hyder%20AK%20062314%201438.flac,YHOtQseh7MIM.flac,Xeno-canto,WavCaps,505,0.18727321089628735,0.5873703041237885,0.5991506693125087,0.49503575349595264,0.8778261119180505,0.8323422693559552
3,0,0.25,XC193967-THRUSH_Swainson%27s_c%20ustulatus%20Fish%20Creek%2C%20Hyder%20AK%20062314%201438.flac,YHOtQseh7MIM.flac,Xeno-canto,WavCaps,505,-0.3036577286081704,0.4735794164466482,1.4532789951782878,0.24577800506227887,0.7954474098567808,0.8087810607976608
3,0,0.5,XC193967-THRUSH_Swainson%27s_c%20ustulatus%20Fish%20Creek%2C%20Hyder%20AK%20062314%201438.flac,YHOtQseh7MIM.flac,Xeno-canto,WavCaps,505,-0.3898278322818579,0.5243627952990897,1.6252728771424447,0.24393100748254878,0.7763548914265849,0.7985413126122178
3,0,0.75,XC193967-THRUSH_Swainson%27s_c%20ustulatus%20Fish%20Creek%2C%20Hyder%20AK%20062314%201438.flac,YHOtQseh7MIM.flac,Xeno-canto,WavCaps,505,-0.43937354508110815,0.5667839189597814,1.70883161916878,0.24906839906089656,0.7685657415873274,0.7954315451170993
3,0,1.0,XC193967-THRUSH_Swainson%27s_c%20ustulatus%20Fish%20Creek%2C%20Hyder%20AK%20062314%201438.flac,YHOtQseh7MIM.flac,Xeno-canto,WavCaps,505,-0.47942674251050904,0.6090621845869134,1.7716231976753527,0.25583480670097913,0.7588749775605181,0.7898275959989114
3,1,0.0,XC193967-THRUSH_Swainson%27s_c%20ustulatus%20Fish%20Creek%2C%20Hyder%20AK%20062314%201438.flac,YDTngmSh5wnI.wav,Xeno-canto,NatureLM,505,0.18727321089628735,0.5873703041237885,0.5991506693125087,0.49503575349595264,0.8778261119180505,0.8323422693559552
3,1,0.25,XC193967-THRUSH_Swainson%27s_c%20ustulatus%20Fish%20Creek%2C%20Hyder%20AK%20062314%201438.flac,YDTngmSh5wnI.wav,Xeno-canto,NatureLM,505,-0.30839055523466585,0.4977779505818391,0.9182035567707567,0.35154269176333713,0.8018819045925639,0.8147424910626153
3,1,0.5,XC193967-THRUSH_Swainson%27s_c%20ustulatus%20Fish%20Creek%2C%20Hyder%20AK%20062314%201438.flac,YDTngmSh5wnI.wav,Xeno-canto,NatureLM,505,-0.3446665829523575,0.5281808402637654,0.9973763648991704,0.3462215893814048,0.7931030825371472,0.8098953002967659
3,1,0.75,XC193967-THRUSH_Swainson%27s_c%20ustulatus%20Fish%20Creek%2C%20Hyder%20AK%20062314%201438.flac,YDTngmSh5wnI.wav,Xeno-canto,NatureLM,505,-0.3646612298539984,0.5435644822090897,1.0310861718748976,0.3451968732234734,0.7883308746077787,0.8073289647759083
3,1,1.0,XC193967-THRUSH_Swainson%27s_c%20ustulatus%20Fish%20Creek%2C%20Hyder%20AK%20062314%201438.flac,YDTngmSh5wnI.wav,Xeno-canto,NatureLM,505,-0.3750396317376838,0.5506306863590409,1.0259485509330488,0.34925658878065424,0.7826587756687562,0.8032691669183998
3,2,0.0,XC193967-THRUSH_Swainson%27s_c%20ustulatus%20Fish%20Creek%2C%20Hyder%20AK%20062314%201438.flac,ICLISTENHF1251_20140702T183216.535Z_054.wav,Xeno-canto,NatureLM,505,0.18727321089628735,0.5873703041237885,0.5991506693125087,0.49503575349595264,0.8778261119180505,0.8323422693559552
3,2,0.25,XC193967-THRUSH_Swainson%27s_c%20ustulatus%20Fish%20Creek%2C%20Hyder%20AK%20062314%201438.flac,ICLISTENHF1251_20140702T183216.535Z_054.wav,Xeno-canto,NatureLM,505,0.1551607119181247,0.6169899037344537,0.6225482746555197,0.4977578863572053,0.8751575460075922,0.8338689659697782
3,2,0.5,XC193967-THRUSH_Swainson%27s_c%20ustulatus%20Fish%20Creek%2C%20Hyder%20AK%20062314%201438.flac,ICLISTENHF1251_20140702T183216.535Z_054.wav,Xeno-canto,NatureLM,505,0.10223686827786829,0.6883963142240955,0.7039468435582654,0.49441569800977164,0.8714566956463966,0.8369157582444022
3,2,0.75,XC193967-THRUSH_Swainson%27s_c%20ustulatus%20Fish%20Creek%2C%20Hyder%20AK%20062314%201438.flac,ICLISTENHF1251_20140702T183216.535Z_054.wav,Xeno-canto,NatureLM,505,0.011564762997069225,0.8067661843501576,0.8392660852830119,0.49012780565350117,0.8590575666077722,0.8357044639875042
3,2,1.0,XC193967-THRUSH_Swainson%27s_c%20ustulatus%20Fish%20Creek%2C%20Hyder%20AK%20062314%201438.flac,ICLISTENHF1251_20140702T183216.535Z_054.wav,Xeno-canto,NatureLM,505,-1.074554221207138,1.9715288094318542,3.2730570794760867,0.375916964884024,0.6502279846016199,0.7362159815452651
3,3,0.0,XC193967-THRUSH_Swainson%27s_c%20ustulatus%20Fish%20Creek%2C%20Hyder%20AK%20062314%201438.flac,YGPZhcnRhI-I.flac,Xeno-canto,WavCaps,505,0.18727321089628735,0.5873703041237885,0.5991506693125087,0.49503575349595264,0.8778261119180505,0.8323422693559552
3,3,0.25,XC193967-THRUSH_Swainson%27s_c%20ustulatus%20Fish%20Creek%2C%20Hyder%20AK%20062314%201438.flac,YGPZhcnRhI-I.flac,Xeno-canto,WavCaps,505,0.1480713014417234,0.6649520085414053,1.0601407528026907,0.3854586973185789,0.875357239097279,0.8360979265711095
3,3,0.5,XC193967-THRUSH_Swainson%27s_c%20ustulatus%20Fish%20Creek%2C%20Hyder%20AK%20062314%201438.flac,YGPZhcnRhI-I.flac,Xeno-canto,WavCaps,505,0.11642455711784358,0.8561760142463097,1.2529141126193446,0.40594567455430836,0.8504708994967787,0.8156954427604031
3,3,0.75,XC193967-THRUSH_Swainson%27s_c%20ustulatus%20Fish%20Creek%2C%20Hyder%20AK%20062314%201438.flac,YGPZhcnRhI-I.flac,Xeno-canto,WavCaps,505,0.09639527750938383,0.9349755256500882,1.29676414573101,0.41894470830976643,0.8470152634511038,0.8147517109427387
3,3,1.0,XC193967-THRUSH_Swainson%27s_c%20ustulatus%20Fish%20Creek%2C%20Hyder%20AK%20062314%201438.flac,YGPZhcnRhI-I.flac,Xeno-canto,WavCaps,505,0.07313726878186655,1.0101505201530632,1.3502127041209055,0.4279640140825268,0.8367269692489987,0.8073295032467739
3,4,0.0,XC193967-THRUSH_Swainson%27s_c%20ustulatus%20Fish%20Creek%2C%20Hyder%20AK%20062314%201438.flac,568042.flac,Xeno-canto,WavCaps,505,0.18727321089628735,0.5873703041237885,0.5991506693125087,0.49503575349595264,0.8778261119180505,0.8323422693559552
3,4,0.25,XC193967-THRUSH_Swainson%27s_c%20ustulatus%20Fish%20Creek%2C%20Hyder%20AK%20062314%201438.flac,568042.flac,Xeno-canto,WavCaps,505,0.05373484585689957,0.5061696443130476,0.5007142889116903,0.5027090289264451,0.888042776694546,0.8587262313673376
3,4,0.5,XC193967-THRUSH_Swainson%27s_c%20ustulatus%20Fish%20Creek%2C%20Hyder%20AK%20062314%201438.flac,568042.flac,Xeno-canto,WavCaps,505,-0.014422546841524695,0.5499000145649607,0.5329939773112851,0.5078059520971133,0.8817039933779126,0.8608750020150895
3,4,0.75,XC193967-THRUSH_Swainson%27s_c%20ustulatus%20Fish%20Creek%2C%20Hyder%20AK%20062314%201438.flac,568042.flac,Xeno-canto,WavCaps,505,-0.09804134296898029,0.6510958759055088,0.6390213757043043,0.5046796134948734,0.8668350075506164,0.8563488402481877
3,4,1.0,XC193967-THRUSH_Swainson%27s_c%20ustulatus%20Fish%20Creek%2C%20Hyder%20AK%20062314%201438.flac,568042.flac,Xeno-canto,WavCaps,505,-1.2543331904162476,2.2209430029045842,3.872226350188243,0.36449717285098227,0.6259225042007694,0.7261184023308811
4,0,0.0,330711.flac,YHOtQseh7MIM.flac,iNaturalist,WavCaps,505,-0.24074151207474065,0.7200392356472888,0.8150343012579152,0.46905846419509584,0.825838843420845,0.8316470290410355
4,0,0.25,330711.flac,YHOtQseh7MIM.flac,iNaturalist,WavCaps,505,-0.3355869559412843,0.47726361331841705,1.5223517435589125,0.23867770952896106,0.7996087779408965,0.8154983916194556
4,0,0.5,330711.flac,YHOtQseh7MIM.flac,iNaturalist,WavCaps,505,-0.4381352341826792,0.5502366765021259,1.6797736248342192,0.24674176445391025,0.7728717429759608,0.7994306099503921
4,0,0.75,330711.flac,YHOtQseh7MIM.flac,iNaturalist,WavCaps,505,-0.47111847616444924,0.583394105078798,1.7344223261570515,0.25169987459608045,0.7633520750816993,0.7934056810691612
4,0,1.0,330711.flac,YHOtQseh7MIM.flac,iNaturalist,WavCaps,505,-0.47942674251050904,0.6090621845869134,1.7716231976753527,0.25583480670097913,0.7588749775605181,0.7898275959989114
4,1,0.0,330711.flac,YDTngmSh5wnI.wav,iNaturalist,NatureLM,505,-0.24074151207474065,0.7200392356472888,0.8150343012579152,0.46905846419509584,0.825838843420845,0.8316470290410355
4,1,0.25,330711.flac,YDTngmSh5wnI.wav,iNaturalist,NatureLM,505,-0.33235123362918695,0.48488152765623205,0.933665459073565,0.3418156269705514,0.8040550682856487,0.8192930243596586
4,1,0.5,330711.flac,YDTngmSh5wnI.wav,iNaturalist,NatureLM,505,-0.3601929725888832,0.5234668245572874,0.9946946944849752,0.3448031174492674,0.7939863908455875,0.8125143027593605
4,1,0.75,330711.flac,YDTngmSh5wnI.wav,iNaturalist,NatureLM,505,-0.3694941524678152,0.5479074602573755,1.0236666287241425,0.34863609937248013,0.7883017100437585,0.8079536022424869
4,1,1.0,330711.flac,YDTngmSh5wnI.wav,iNaturalist,NatureLM,505,-0.3750396317376838,0.5506306863590409,1.0259485509330488,0.34925658878065424,0.7826587756687562,0.8032691669183998
4,2,0.0,330711.flac,ICLISTENHF1251_20140702T183216.535Z_054.wav,iNaturalist,NatureLM,505,-0.24074151207474065,0.7200392356472888,0.8150343012579152,0.46905846419509584,0.825838843420845,0.8316470290410355
4,2,0.25,330711.flac,ICLISTENHF1251_20140702T183216.535Z_054.wav,iNaturalist,NatureLM,505,-0.2667445118782047,0.7564199435530513,0.8477417716310558,0.47153596572789314,0.8271063995700935,0.8356507793036542
4,2,0.5,330711.flac,ICLISTENHF1251_20140702T183216.535Z_054.wav,iNaturalist,NatureLM,505,-0.3226693805438923,0.8125404299396399,0.8990228535438299,0.47473583815487785,0.8293766682966408,0.8438161506525926
4,2,0.75,330711.flac,ICLISTENHF1251_20140702T183216.535Z_054.wav,iNaturalist,NatureLM,505,-0.39681472075360824,0.8560464973581897,0.8911345749970739,0.4899586602115646,0.8247411546340554,0.8474866645383807
4,2,1.0,330711.flac,ICLISTENHF1251_20140702T183216.535Z_054.wav,iNaturalist,NatureLM,505,-1.074554221207138,1.9715288094318542,3.2730570794760867,0.375916964884024,0.6502279846016199,0.7362159815452651
4,3,0.0,330711.flac,YGPZhcnRhI-I.flac,iNaturalist,WavCaps,505,-0.24074151207474065,0.7200392356472888,0.8150343012579152,0.46905846419509584,0.825838843420845,0.8316470290410355
4,3,0.25,330711.flac,YGPZhcnRhI-I.flac,iNaturalist,WavCaps,505,0.14229520314391117,0.8001940745639992,1.2025364269263945,0.39955154923166647,0.8685308289435967,0.8305060095277008
4,3,0.5,330711.flac,YGPZhcnRhI-I.flac,iNaturalist,WavCaps,505,0.10025596029009311,0.9187417958031003,1.3153015620677853,0.4112461795185079,0.8469579124430846,0.8141844672446836
4,3,0.75,330711.flac,YGPZhcnRhI-I.flac,iNaturalist,WavCaps,505,0.08199709062119895,0.9623418243323765,1.3241778100599708,0.4208762565855347,0.8443135151268693,0.8137281863874056
4,3,1.0,330711.flac,YGPZhcnRhI-I.flac,iNaturalist,WavCaps,505,0.07313726878186655,1.0101505201530632,1.3502127041209055,0.4279640140825268,0.8367269692489987,0.8073295032467739
4,4,0.0,330711.flac,568042.flac,iNaturalist,WavCaps,505,-0.24074151207474065,0.7200392356472888,0.8150343012579152,0.46905846419509584,0.825838843420845,0.8316470290410355
4,4,0.25,330711.flac,568042.flac,iNaturalist,WavCaps,505,-0.3807057300863108,0.7087156801064181,0.7804242238781729,0.47592283183739836,0.8298323198017576,0.850974620125657
4,4,0.5,330711.flac,568042.flac,iNaturalist,WavCaps,505,-0.4577313928579065,0.7680452933287745,0.8347868211839272,0.479180125213724,0.8281571069350998,0.8578523420616471
4,4,0.75,330711.flac,568042.flac,iNaturalist,WavCaps,505,-0.5289165403541022,0.8297686320098471,0.8900472522905741,0.4824752693497633,0.823687300444018,0.8616008668603299
4,4,1.0,330711.flac,568042.flac,iNaturalist,WavCaps,505,-1.2543331904162476,2.2209430029045842,3.872226350188243,0.36449717285098227,0.6259225042007694,0.7261184023308811
