model,layer_idx,split,n,mean_within_clip_var,mean_between_clip_var,within_total_ratio
eat_all,0,all,600,0.32287259185012496,0.032527176803931634,0.9084772144700146
eat_all,0,bio,400,0.32353928372611124,0.026112721149007798,0.9253179710542939
eat_all,0,nonbio,200,0.32153920809815234,0.0453560881137793,0.8763786601189348
eat_all,1,all,600,24.09797228148765,1.7153614069065468,0.9335474670721132
eat_all,1,bio,400,24.06252844757626,1.411921387684387,0.9445749997815432
eat_all,1,nonbio,200,24.168859949310434,2.322241445350867,0.9123388110311313
eat_all,2,all,600,24.763386586772484,2.517865980132261,0.9077070976137395
eat_all,2,bio,400,24.874211812177208,2.002001442957146,0.9255102858445027
eat_all,2,nonbio,200,24.541736135963024,3.5495950544824915,0.8736409097020725
eat_all,3,all,600,25.16633447789579,2.8771749373558055,0.897403178227364
eat_all,3,bio,400,25.365096001820994,2.427009979040977,0.9126726855204046
eat_all,3,nonbio,200,24.76881143004539,3.7775048539854623,0.8676710221942492
eat_all,4,all,600,46.06455830397659,5.762574222002047,0.8888116331901341
eat_all,4,bio,400,46.57180425953763,5.001877088227616,0.9030149301443195
eat_all,4,nonbio,200,45.050066392854504,7.283968489550908,0.8608177545278519
eat_all,5,all,600,53.32901697967048,7.719850641301388,0.873546374533417
eat_all,5,bio,400,53.971943628114744,6.961420062349511,0.8857535569886988
eat_all,5,nonbio,200,52.04316368278196,9.23671179920514,0.8492700625359426
eat_all,6,all,600,43.67293872595369,8.142777426328657,0.8428512036310052
eat_all,6,bio,400,44.28313666702092,7.436474023714376,0.8562155839071988
eat_all,6,nonbio,200,42.452542843819245,9.555384231557223,0.8162706193286967
eat_all,7,all,600,58.64908390007057,11.04423559666127,0.8415309289841019
eat_all,7,bio,400,59.60031928118197,10.144121586350671,0.8545529728223408
eat_all,7,nonbio,200,56.746613137847795,12.84446361728247,0.8154294456101289
eat_all,8,all,600,54.06895127629408,8.411306975140864,0.8653765651657227
eat_all,8,bio,400,54.75398579515213,7.524789099768102,0.8791757045243056
eat_all,8,nonbio,200,52.69888223857799,10.184342725886381,0.8380435683500392
eat_all,9,all,600,36.61063210589245,6.123965595171879,0.856697712752322
eat_all,9,bio,400,37.08266966496974,5.571875994727802,0.8693720467876784
eat_all,9,nonbio,200,35.666556987737856,7.228144796060031,0.8314909651897794
eat_all,10,all,600,23.184920890871876,3.7718916720277154,0.8600764959422934
eat_all,10,bio,400,23.444335325236434,3.417519934310655,0.8727742405991851
eat_all,10,nonbio,200,22.666092022142756,4.480635147461835,0.8349475014255614
eat_all,11,all,600,30.699364763151266,3.831458924052651,0.8890423536154315
eat_all,11,bio,400,30.964431745018715,3.539448053808828,0.8974188388539106
eat_all,11,nonbio,200,30.169230799416383,4.415480664540297,0.8723285383154924
eat_all,12,all,600,16.590432697086936,1.521778149103047,0.91598054141341
eat_all,12,bio,400,16.738342239689846,1.484585465310974,0.91853200049169
eat_all,12,nonbio,200,16.294613611881108,1.5961635166871933,0.9107828852141692
eat_bio,0,all,600,0.2413004445209837,0.04332444425495045,0.8477840625910377
eat_bio,0,bio,400,0.23125571413197343,0.03315648483340628,0.8746030441744197
eat_bio,0,nonbio,200,0.26138990529900413,0.0636603630980388,0.8041522518594606
eat_bio,1,all,600,5.078740046678561,0.7403598244874432,0.8727707307179979
eat_bio,1,bio,400,5.088663179163519,0.5480279322192885,0.9027748866506816
eat_bio,1,nonbio,200,5.058893781708645,1.1250236090237526,0.8180726652801373
eat_bio,2,all,600,21.329882413039424,2.045037535288272,0.9125114635768162
eat_bio,2,bio,400,21.711374350387914,1.6259961036294777,0.9303265075714829
eat_bio,2,nonbio,200,20.566898538342446,2.8831203986058602,0.8770525343131744
eat_bio,3,all,600,20.49953064224108,2.109729540327584,0.9066873695427615
eat_bio,3,bio,400,20.800937435883707,1.7524236922885574,0.9222987792227768
eat_bio,3,nonbio,200,19.896717054955822,2.8243412364056373,0.8756949962370613
eat_bio,4,all,600,24.800930585547718,3.18447455122014,0.886209453261182
eat_bio,4,bio,400,25.110238944256963,2.71399811936825,0.9024592080220495
eat_bio,4,nonbio,200,24.182313868129235,4.12542741492392,0.8542650445447703
eat_bio,5,all,600,32.493394775906104,4.417115178589274,0.8803290665982437
eat_bio,5,bio,400,32.8891939774617,3.876107086675944,0.8945715940170321
eat_bio,5,nonbio,200,31.701796372794902,5.499131362415935,0.8521775746680913
eat_bio,6,all,600,28.863811254349095,4.628783675359364,0.8617968035897523
eat_bio,6,bio,400,29.40589212881918,3.982186354598083,0.8807302925031789
eat_bio,6,nonbio,200,27.779649505408926,5.921978316881928,0.8242821282073198
eat_bio,7,all,600,33.75622356535821,5.859299570038974,0.852095867824005
eat_bio,7,bio,400,34.27517608702984,5.165261916578575,0.8690363956884556
eat_bio,7,nonbio,200,32.71831852201497,7.247374876959775,0.8186600991853255
eat_bio,8,all,600,27.942918063602693,4.615875347898535,0.8582295329694866
eat_bio,8,bio,400,28.298884053430346,4.079336590608507,0.8740098588042837
eat_bio,8,nonbio,200,27.230986083947403,5.68895286247859,0.8271882316751313
eat_bio,9,all,600,20.18065875225595,3.307821098101451,0.8591726191232798
eat_bio,9,bio,400,20.45092804176237,2.9229978813946285,0.8749462160954845
eat_bio,9,nonbio,200,19.64012017324311,4.077467531515095,0.8280825359529681
eat_bio,10,all,600,15.581425507609616,2.6122149787804547,0.8564215347261288
eat_bio,10,bio,400,15.718479675591237,2.410204630130558,0.8670502177938061
eat_bio,10,nonbio,200,15.307317171646378,3.016235676080249,0.8353902378460153
eat_bio,11,all,600,15.314512185469328,2.1210203954085824,0.878350696454505
eat_bio,11,bio,400,15.435685442334892,1.9438347603731092,0.8881537155398439
eat_bio,11,nonbio,200,15.072165671738198,2.475391665479529,0.8589324076332087
eat_bio,12,all,600,11.916810122169569,1.3639448711278204,0.8972991466361525
eat_bio,12,bio,400,11.850852864282436,1.2052229048246617,0.9076887323466347
eat_bio,12,nonbio,200,12.048724637943833,1.6813888037341378,0.8775400646996655
sl_eat_all_ssl_all,0,all,600,0.9932923490245678,0.14712137611697798,0.8709929801145477
sl_eat_all_ssl_all,0,bio,400,0.9692091394405571,0.11709527835574458,0.892207675456861
sl_eat_all_ssl_all,0,nonbio,200,1.041458768192589,0.20717357163944478,0.8340796045156785
sl_eat_all_ssl_all,1,all,600,26.6130411234245,2.7501340394376546,0.9063407133532357
sl_eat_all_ssl_all,1,bio,400,27.192231252993096,2.125072019309779,0.927514751286234
sl_eat_all_ssl_all,1,nonbio,200,25.454660864287305,4.000258079693404,0.86419049099061
sl_eat_all_ssl_all,2,all,600,31.84182378297827,3.4114342572400242,0.9032306672663241
sl_eat_all_ssl_all,2,bio,400,32.45640246475172,2.709163547283454,0.9229597627873739
sl_eat_all_ssl_all,2,nonbio,200,30.612666419431356,4.815975677153165,0.8640654738043869
sl_eat_all_ssl_all,3,all,600,30.691352040946178,3.686955623670513,0.8927534287132681
sl_eat_all_ssl_all,3,bio,400,31.30769169683724,3.0177410194383345,0.9120843997981865
sl_eat_all_ssl_all,3,nonbio,200,29.45867272916407,5.025384832134868,0.8542693294371831
sl_eat_all_ssl_all,4,all,600,58.25502432270545,8.582793870884958,0.8715877611979257
sl_eat_all_ssl_all,4,bio,400,59.686890352563694,7.206883657963833,0.8922637604984041
sl_eat_all_ssl_all,4,nonbio,200,55.39129226298897,11.334614296727207,0.830131730221105
sl_eat_all_ssl_all,5,all,600,59.605101821771434,9.962807176679334,0.8567901878881942
sl_eat_all_ssl_all,5,bio,400,61.091694863585055,8.563903309864804,0.8770536247705494
sl_eat_all_ssl_all,5,nonbio,200,56.63191573814418,12.760614910308398,0.8161096764873071
sl_eat_all_ssl_all,6,all,600,51.46064900411844,10.116230584974616,0.8357138157620043
sl_eat_all_ssl_all,6,bio,400,52.6857295821916,8.783787345201418,0.8571033614014454
sl_eat_all_ssl_all,6,nonbio,200,49.01048784797211,12.78111706452101,0.7931577099733672
sl_eat_all_ssl_all,7,all,600,56.5196713553577,13.53515283358214,0.8067919948371085
sl_eat_all_ssl_all,7,bio,400,58.365103291309964,11.862607109163616,0.8310836699428603
sl_eat_all_ssl_all,7,nonbio,200,52.828807483453204,16.880244282419195,0.7578471682685649
sl_eat_all_ssl_all,8,all,600,55.84196483328193,11.389658969018605,0.8305907499347224
sl_eat_all_ssl_all,8,bio,400,57.587288442668324,9.89248174899878,0.8534007789163993
sl_eat_all_ssl_all,8,nonbio,200,52.35131761450917,14.384013409058257,0.7844617957468649
sl_eat_all_ssl_all,9,all,600,33.81429735591715,7.544839853902543,0.8175774360179058
sl_eat_all_ssl_all,9,bio,400,34.918300865198034,6.551083940020333,0.8420260157995889
sl_eat_all_ssl_all,9,nonbio,200,31.606290337355368,9.532351681666963,0.7682871574307377
sl_eat_all_ssl_all,10,all,600,20.25702310064322,4.118293777773825,0.8310465542533997
sl_eat_all_ssl_all,10,bio,400,20.888158497278365,3.630639600536544,0.8519242425320961
sl_eat_all_ssl_all,10,nonbio,200,18.994752307372927,5.09360213224839,0.7885450355267828
sl_eat_all_ssl_all,11,all,600,9.61526161778746,1.5728545415371278,0.8594173926031101
sl_eat_all_ssl_all,11,bio,400,9.98089264324562,1.568986014663607,0.8641556278524898
sl_eat_all_ssl_all,11,nonbio,200,8.883999566871143,1.5805915952841696,0.8489581130507705
sl_eat_all_ssl_all,12,all,600,112.29538191767745,19.360182177278887,0.8529482417977003
sl_eat_all_ssl_all,12,bio,400,113.0620321373182,19.43526490540367,0.8533157631197786
sl_eat_all_ssl_all,12,nonbio,200,110.76208147839588,19.210016721029326,0.8521989181743141
sl_eat_bio_ssl_all,0,all,600,0.3625598860046118,0.054551624665575164,0.8692157294390528
sl_eat_bio_ssl_all,0,bio,400,0.3607968596343534,0.042993646810770496,0.8935248696427353
sl_eat_bio_ssl_all,0,nonbio,200,0.3660859387451287,0.0776675803751845,0.8249758547737245
sl_eat_bio_ssl_all,1,all,600,24.3572565838855,2.2769583878726523,0.9145100244070625
sl_eat_bio_ssl_all,1,bio,400,24.57151601538336,1.7930739782475933,0.9319893091953732
sl_eat_bio_ssl_all,1,nonbio,200,23.92873772088978,3.2447272071227697,0.8805920696635986
sl_eat_bio_ssl_all,2,all,600,28.747513896414816,3.205875367396988,0.8996702559178053
sl_eat_bio_ssl_all,2,bio,400,29.161938268885223,2.4369591954451923,0.9228783473158806
sl_eat_bio_ssl_all,2,nonbio,200,27.918665151474,4.74370771130058,0.8547653677450056
sl_eat_bio_ssl_all,3,all,600,29.825459244428032,3.5388761830306303,0.8939323640740598
sl_eat_bio_ssl_all,3,bio,400,30.26847100846554,2.8669164435183747,0.9134787107085199
sl_eat_bio_ssl_all,3,nonbio,200,28.939435716353,4.882795662055141,0.8556335444747657
sl_eat_bio_ssl_all,4,all,600,54.14679826797827,7.571682970570161,0.8773190328306232
sl_eat_bio_ssl_all,4,bio,400,55.193592512048426,6.434634279941682,0.8955894950270092
sl_eat_bio_ssl_all,4,nonbio,200,52.053209779837964,9.84578035182712,0.8409379485693675
sl_eat_bio_ssl_all,5,all,600,58.92561007716756,10.114170215121382,0.8535022827085817
sl_eat_bio_ssl_all,5,bio,400,60.37875357699126,8.955275402203059,0.870838669928004
sl_eat_bio_ssl_all,5,nonbio,200,56.01932307752018,12.431959840958031,0.8183823690234728
sl_eat_bio_ssl_all,6,all,600,48.267009771453665,11.978552490308935,0.8011712059676198
sl_eat_bio_ssl_all,6,bio,400,49.713030902358625,10.915124543883499,0.8199660790676414
sl_eat_bio_ssl_all,6,nonbio,200,45.374967509643746,14.10540838315981,0.7628560988151656
sl_eat_bio_ssl_all,7,all,600,62.39079387437916,20.597477065295323,0.751802551950167
sl_eat_bio_ssl_all,7,bio,400,64.63096623055583,19.371506594326025,0.769393614939058
sl_eat_bio_ssl_all,7,nonbio,200,57.910449162025834,23.049418007233918,0.7152982235130726
sl_eat_bio_ssl_all,8,all,600,54.849465785892896,19.00999710882589,0.7426193426843187
sl_eat_bio_ssl_all,8,bio,400,56.784548718186336,18.333132491743992,0.755941181936798
sl_eat_bio_ssl_all,8,nonbio,200,50.97929992130606,20.363726342989672,0.7145659862037436
sl_eat_bio_ssl_all,9,all,600,36.90457502158853,16.758913996267268,0.6877036081144301
sl_eat_bio_ssl_all,9,bio,400,37.53436554583008,16.56760918110836,0.6937707123496359
sl_eat_bio_ssl_all,9,nonbio,200,35.644993973105414,17.14152362658509,0.6752670112361117
sl_eat_bio_ssl_all,10,all,600,22.132967593189186,10.149550978986568,0.6856022569523293
sl_eat_bio_ssl_all,10,bio,400,22.085308328557012,10.087817903727005,0.6864520460058862
sl_eat_bio_ssl_all,10,nonbio,200,22.22828612245353,10.273017129505694,0.683919840079446
sl_eat_bio_ssl_all,11,all,600,22.08716011793989,8.190345799357798,0.7294907373900104
sl_eat_bio_ssl_all,11,bio,400,21.579817284888712,8.146524263293719,0.725949315017817
sl_eat_bio_ssl_all,11,nonbio,200,23.101845784042254,8.277988871485956,0.7362003668165403
sl_eat_bio_ssl_all,12,all,600,164.72404559909225,72.29118936559081,0.6949934911299575
sl_eat_bio_ssl_all,12,bio,400,158.92884307436142,76.97570738558119,0.6736997771535063
sl_eat_bio_ssl_all,12,nonbio,200,176.31445064855387,62.922153325610054,0.736987767422057
random_init_eat_seed42,0,all,600,449.075503221203,205.02181333617764,0.6865576296578613
random_init_eat_seed42,0,bio,400,468.3362466145442,182.93427729117474,0.7191116892653088
random_init_eat_seed42,0,nonbio,200,410.55401643452046,249.19688542618348,0.6222864042726273
random_init_eat_seed42,1,all,600,428.70098198032014,222.53861282747258,0.6582845782078824
random_init_eat_seed42,1,bio,400,446.28270701575457,200.29705775451419,0.6902206523186197
random_init_eat_seed42,1,nonbio,200,393.53753190945133,267.02172297338944,0.5957641634727389
random_init_eat_seed42,2,all,600,415.27401621318677,233.22919559623023,0.6403576862086968
random_init_eat_seed42,2,bio,400,430.55932324519665,214.56225735749751,0.6674080300382351
random_init_eat_seed42,2,nonbio,200,384.70340214916695,270.56307207369554,0.5870945901900753
random_init_eat_seed42,3,all,600,396.02665094888283,252.49325646898845,0.6106622887270977
random_init_eat_seed42,3,bio,400,410.4279116953336,234.3373673475106,0.6365539910967521
random_init_eat_seed42,3,nonbio,200,367.22412945598137,288.8050347119443,0.5597679943417606
random_init_eat_seed42,4,all,600,375.4540151501906,271.15131619421516,0.5806540666306539
random_init_eat_seed42,4,bio,400,391.1458484424901,251.54897972972657,0.6086027633906501
random_init_eat_seed42,4,nonbio,200,344.0703485655917,310.35598912319233,0.5257587122497753
random_init_eat_seed42,5,all,600,355.73746908686024,287.4819525546859,0.5530577235665404
random_init_eat_seed42,5,bio,400,368.34577488051843,270.9374695847319,0.5761855610475658
random_init_eat_seed42,5,nonbio,200,330.5208574995439,320.570918494594,0.5076409650465616
random_init_eat_seed42,6,all,600,340.2129682359355,298.37554216010784,0.5327577347499414
random_init_eat_seed42,6,bio,400,350.91303534629014,284.5938465109107,0.5521781830604011
random_init_eat_seed42,6,nonbio,200,318.81283401522626,325.9389334585023,0.49447376509629626
random_init_eat_seed42,7,all,600,323.5131391335479,314.9322516677871,0.506720142074321
random_init_eat_seed42,7,bio,400,335.5823094596833,299.5987583075816,0.5283254279591393
random_init_eat_seed42,7,nonbio,200,299.3747984812771,345.59923838819805,0.4641656584106225
random_init_eat_seed42,8,all,600,303.7223424387096,325.20236544856976,0.4829232158154375
random_init_eat_seed42,8,bio,400,314.42725935764645,310.981435502961,0.5027548576498871
random_init_eat_seed42,8,nonbio,200,282.31250860083577,353.6442253397874,0.44391779115463254
random_init_eat_seed42,9,all,600,286.917981010402,340.1030124533587,0.45758911424228843
random_init_eat_seed42,9,bio,400,295.39848440663974,328.0248803588592,0.473832873616718
random_init_eat_seed42,9,nonbio,200,269.9569742179264,364.25927664235786,0.42565445753202097
random_init_eat_seed42,10,all,600,272.51708076031207,351.0893826864779,0.43700169375098996
random_init_eat_seed42,10,bio,400,279.6265471665216,339.83731310718395,0.4514009050390295
random_init_eat_seed42,10,nonbio,200,258.2981479478931,373.59352184506577,0.4087696678016427
random_init_eat_seed42,11,all,600,253.41881104761273,363.0894496000784,0.41105501292290236
random_init_eat_seed42,11,bio,400,261.5862465280694,351.6272880837483,0.42658263681942576
random_init_eat_seed42,11,nonbio,200,237.08394008669933,386.0137726327388,0.38049239348347763
random_init_eat_seed42,12,all,600,239.86322206207095,376.5229885505758,0.38914436749592907
random_init_eat_seed42,12,bio,400,246.00379613769786,367.05858378010504,0.4012704158599344
random_init_eat_seed42,12,nonbio,200,227.58207391081712,395.4517980915173,0.36528041915185694
