model,layer_idx,class,species,n_clips,within_var,centroid_norm
eat_all,0,Aves,Parus major,6,0.3442961908610079,0.13680647997932188
eat_all,0,Aves,Fringilla coelebs,14,0.3430394852093787,0.13734657691627294
eat_all,0,Aves,Erithacus rubecula,6,0.33240934158760266,0.15167826789826253
eat_all,0,Aves,Turdus merula,10,0.3409234345369961,0.15008461963890346
eat_all,0,Aves,Anthus trivialis,5,0.3578692271066801,0.15136095395739857
eat_all,0,Mammalia,Globicephala macrorhynchus,7,0.33144462156042975,0.21164401992654266
eat_all,0,Mammalia,Delphinus delphis,8,0.33442455501160656,0.2127908019115269
eat_all,0,Mammalia,Balaenoptera physalus,8,0.34812710498226906,0.2582996827130781
eat_all,0,Mammalia,Megaptera novaeangliae,8,0.3376469410039728,0.186712652569127
eat_all,0,Mammalia,Orcinus orca,18,0.3390232287719785,0.21810247143070172
eat_all,0,Mammalia,Lagenorhynchus acutus,6,0.3239856194320054,0.22648952224358404
eat_all,0,Mammalia,Stenella coeruleoalba,5,0.32024846762252246,0.22760347106254777
eat_all,1,Aves,Parus major,6,25.555498020115525,1.5613573933171117
eat_all,1,Aves,Fringilla coelebs,14,25.42546009530278,1.5390675305781367
eat_all,1,Aves,Erithacus rubecula,6,24.590312192641754,1.6651572040166434
eat_all,1,Aves,Turdus merula,10,25.338334600261586,1.58346345876629
eat_all,1,Aves,Anthus trivialis,5,26.50788562451909,1.5536008140218436
eat_all,1,Mammalia,Globicephala macrorhynchus,7,23.77130169564043,1.8297535662046487
eat_all,1,Mammalia,Delphinus delphis,8,24.373270272837207,1.8105548308821742
eat_all,1,Mammalia,Balaenoptera physalus,8,23.96070106007255,2.1543139787887333
eat_all,1,Mammalia,Megaptera novaeangliae,8,24.312817879203394,1.718246421213081
eat_all,1,Mammalia,Orcinus orca,18,23.289443634541882,2.038491877897398
eat_all,1,Mammalia,Lagenorhynchus acutus,6,22.22412305256216,2.0931668298851416
eat_all,1,Mammalia,Stenella coeruleoalba,5,22.61147511561722,2.027283746596717
eat_all,2,Aves,Parus major,6,26.85385129855521,1.9335349530113832
eat_all,2,Aves,Fringilla coelebs,14,26.479929595557472,1.962048048253948
eat_all,2,Aves,Erithacus rubecula,6,25.08188130248346,2.0945651566537533
eat_all,2,Aves,Turdus merula,10,26.60311174941829,1.9520938127211416
eat_all,2,Aves,Anthus trivialis,5,26.486608580673156,2.0892860193626963
eat_all,2,Mammalia,Globicephala macrorhynchus,7,24.229349190228426,2.0946328521201005
eat_all,2,Mammalia,Delphinus delphis,8,24.872631298700167,2.122383076284764
eat_all,2,Mammalia,Balaenoptera physalus,8,25.9468716871958,2.3865786299342484
eat_all,2,Mammalia,Megaptera novaeangliae,8,25.597456953941542,1.9632285714619238
eat_all,2,Mammalia,Orcinus orca,18,25.68124957361616,1.9999176288307547
eat_all,2,Mammalia,Lagenorhynchus acutus,6,22.68186628485952,2.304419825325751
eat_all,2,Mammalia,Stenella coeruleoalba,5,22.989948799113744,2.278646952893534
eat_all,3,Aves,Parus major,6,27.65884048811904,2.2661209327491845
eat_all,3,Aves,Fringilla coelebs,14,27.447555424374695,2.261798897511999
eat_all,3,Aves,Erithacus rubecula,6,26.176887575414177,2.4574918469472498
eat_all,3,Aves,Turdus merula,10,27.183729546561437,2.3106882656654513
eat_all,3,Aves,Anthus trivialis,5,27.351207134163847,2.405798993229776
eat_all,3,Mammalia,Globicephala macrorhynchus,7,24.36738339508012,2.468450947342297
eat_all,3,Mammalia,Delphinus delphis,8,25.224917061209815,2.462870723762262
eat_all,3,Mammalia,Balaenoptera physalus,8,24.97738333094899,2.6918871495109813
eat_all,3,Mammalia,Megaptera novaeangliae,8,26.643818602323336,2.235953643642971
eat_all,3,Mammalia,Orcinus orca,18,26.351496385378503,2.247457330655165
eat_all,3,Mammalia,Lagenorhynchus acutus,6,22.647231351476325,2.7794610076137536
eat_all,3,Mammalia,Stenella coeruleoalba,5,23.381542513680568,2.675229670588136
eat_all,4,Aves,Parus major,6,50.98722994692606,2.807740017259381
eat_all,4,Aves,Fringilla coelebs,14,50.6597408477646,2.8256093673494003
eat_all,4,Aves,Erithacus rubecula,6,48.22314308407761,3.1193421510471184
eat_all,4,Aves,Turdus merula,10,50.847021982846826,2.840098302994617
eat_all,4,Aves,Anthus trivialis,5,50.80119022249462,2.9038130990737514
eat_all,4,Mammalia,Globicephala macrorhynchus,7,44.992126630324194,3.256882775031681
eat_all,4,Mammalia,Delphinus delphis,8,46.636119866081884,3.2650869707041688
eat_all,4,Mammalia,Balaenoptera physalus,8,45.06275264543078,3.7432370624051408
eat_all,4,Mammalia,Megaptera novaeangliae,8,49.34864282634284,2.8107878051189528
eat_all,4,Mammalia,Orcinus orca,18,48.52984321802357,2.963370001914272
eat_all,4,Mammalia,Lagenorhynchus acutus,6,41.55404123676951,3.6628578181540834
eat_all,4,Mammalia,Stenella coeruleoalba,5,43.85686886770275,3.393672148741141
eat_all,5,Aves,Parus major,6,59.88527695350719,2.932660929524336
eat_all,5,Aves,Fringilla coelebs,14,59.61061791181709,2.963557954462543
eat_all,5,Aves,Erithacus rubecula,6,57.19898508099274,3.3645889232218082
eat_all,5,Aves,Turdus merula,10,60.008265981057605,2.946738406304819
eat_all,5,Aves,Anthus trivialis,5,58.695361090968355,3.093397424522088
eat_all,5,Mammalia,Globicephala macrorhynchus,7,54.38836825119611,3.5165051819958424
eat_all,5,Mammalia,Delphinus delphis,8,54.44363005089904,3.618856061853036
eat_all,5,Mammalia,Balaenoptera physalus,8,50.66431881162976,4.1993259272352335
eat_all,5,Mammalia,Megaptera novaeangliae,8,57.96372115617387,3.1054477073665714
eat_all,5,Mammalia,Orcinus orca,18,56.73200225700592,3.251623267898639
eat_all,5,Mammalia,Lagenorhynchus acutus,6,51.452469030704364,3.89027043876867
eat_all,5,Mammalia,Stenella coeruleoalba,5,52.20206948907625,3.8682783407590504
eat_all,6,Aves,Parus major,6,50.271445908434686,3.2176711007979404
eat_all,6,Aves,Fringilla coelebs,14,50.29480812124853,3.209922376236107
eat_all,6,Aves,Erithacus rubecula,6,48.15567159998312,3.5235007288244056
eat_all,6,Aves,Turdus merula,10,50.24565255437795,3.205297382910777
eat_all,6,Aves,Anthus trivialis,5,48.88196388904319,3.383270604413963
eat_all,6,Mammalia,Globicephala macrorhynchus,7,46.23388317973437,3.7475758233473564
eat_all,6,Mammalia,Delphinus delphis,8,46.06024696856932,3.7556931924642654
eat_all,6,Mammalia,Balaenoptera physalus,8,39.37305374364691,4.616865139481737
eat_all,6,Mammalia,Megaptera novaeangliae,8,47.16210941116875,3.542650152617779
eat_all,6,Mammalia,Orcinus orca,18,47.956997966154304,3.4640390685312483
eat_all,6,Mammalia,Lagenorhynchus acutus,6,43.22613009655042,4.070877652537433
eat_all,6,Mammalia,Stenella coeruleoalba,5,43.2286822253082,4.059559666480866
eat_all,7,Aves,Parus major,6,67.5502133883868,4.018877233395953
eat_all,7,Aves,Fringilla coelebs,14,66.52154818639222,4.098544755118286
eat_all,7,Aves,Erithacus rubecula,6,62.67526735080681,4.4699125366327195
eat_all,7,Aves,Turdus merula,10,66.22524526997306,4.154573220337931
eat_all,7,Aves,Anthus trivialis,5,66.46430698471517,4.160454257065107
eat_all,7,Mammalia,Globicephala macrorhynchus,7,63.77074378027453,4.500888608064144
eat_all,7,Mammalia,Delphinus delphis,8,63.813724988127106,4.521579406897516
eat_all,7,Mammalia,Balaenoptera physalus,8,57.38098915818548,5.330287903568635
eat_all,7,Mammalia,Megaptera novaeangliae,8,65.76554685366666,4.333486785002743
eat_all,7,Mammalia,Orcinus orca,18,66.67340796426618,4.219708555870958
eat_all,7,Mammalia,Lagenorhynchus acutus,6,59.60526956956871,4.898997128439901
eat_all,7,Mammalia,Stenella coeruleoalba,5,60.0180839047551,4.9190758351057084
eat_all,8,Aves,Parus major,6,60.43094570431057,4.031235369719324
eat_all,8,Aves,Fringilla coelebs,14,59.63580668552014,4.042610316306944
eat_all,8,Aves,Erithacus rubecula,6,56.076330128489474,4.2811570037193185
eat_all,8,Aves,Turdus merula,10,59.26050271895558,4.097858058608171
eat_all,8,Aves,Anthus trivialis,5,59.91722853979726,4.078685052778612
eat_all,8,Mammalia,Globicephala macrorhynchus,7,57.11017761855755,4.274737879461949
eat_all,8,Mammalia,Delphinus delphis,8,56.8534137418933,4.4161008009243155
eat_all,8,Mammalia,Balaenoptera physalus,8,56.89314489424274,4.844197281671452
eat_all,8,Mammalia,Megaptera novaeangliae,8,60.30455408126951,4.1595820983043135
eat_all,8,Mammalia,Orcinus orca,18,59.62839188216107,4.087961335019525
eat_all,8,Mammalia,Lagenorhynchus acutus,6,53.27479762110428,4.569157748838055
eat_all,8,Mammalia,Stenella coeruleoalba,5,56.41670345459813,4.586840921412961
eat_all,9,Aves,Parus major,6,40.71745502327959,3.5139093019530536
eat_all,9,Aves,Fringilla coelebs,14,40.80611901753903,3.4677255427848523
eat_all,9,Aves,Erithacus rubecula,6,39.4230540981461,3.588933109466673
eat_all,9,Aves,Turdus merula,10,40.66479385064851,3.5372788556764414
eat_all,9,Aves,Anthus trivialis,5,40.49698126225639,3.647569889600405
eat_all,9,Mammalia,Globicephala macrorhynchus,7,38.76862194125362,3.7851836175396976
eat_all,9,Mammalia,Delphinus delphis,8,39.608862734484184,3.770345643346488
eat_all,9,Mammalia,Balaenoptera physalus,8,36.617242000586195,4.292761805809685
eat_all,9,Mammalia,Megaptera novaeangliae,8,41.042249938401746,3.609472224485189
eat_all,9,Mammalia,Orcinus orca,18,40.869149598288686,3.550198796261262
eat_all,9,Mammalia,Lagenorhynchus acutus,6,36.95768707090344,4.014863412256106
eat_all,9,Mammalia,Stenella coeruleoalba,5,38.17171899947331,3.9863098677133464
eat_all,10,Aves,Parus major,6,25.857728867523498,2.6571042899116577
eat_all,10,Aves,Fringilla coelebs,14,25.86541042392011,2.6181904412099195
eat_all,10,Aves,Erithacus rubecula,6,24.85481360390482,2.7509541994064484
eat_all,10,Aves,Turdus merula,10,25.6418111542027,2.651681987404
eat_all,10,Aves,Anthus trivialis,5,25.725320924993465,2.7122919078631735
eat_all,10,Mammalia,Globicephala macrorhynchus,7,24.632407248391683,2.8869034570408676
eat_all,10,Mammalia,Delphinus delphis,8,24.37864671620084,2.968428019231395
eat_all,10,Mammalia,Balaenoptera physalus,8,23.0812520212506,3.168384807540428
eat_all,10,Mammalia,Megaptera novaeangliae,8,25.549293936774475,2.739576491458653
eat_all,10,Mammalia,Orcinus orca,18,25.290249630724382,2.728003775696424
eat_all,10,Mammalia,Lagenorhynchus acutus,6,22.96205444599187,3.172863879821901
eat_all,10,Mammalia,Stenella coeruleoalba,5,23.461646634849668,3.149875824994836
eat_all,11,Aves,Parus major,6,33.63972815314018,2.8878299412749078
eat_all,11,Aves,Fringilla coelebs,14,33.55134362192764,2.8638445643659463
eat_all,11,Aves,Erithacus rubecula,6,32.47799231834454,2.9936097732727784
eat_all,11,Aves,Turdus merula,10,33.3134442818735,2.911779181962797
eat_all,11,Aves,Anthus trivialis,5,33.437960013235326,2.924200396472162
eat_all,11,Mammalia,Globicephala macrorhynchus,7,30.956806015291523,3.2617503478108105
eat_all,11,Mammalia,Delphinus delphis,8,31.237633491136492,3.2839163826326043
eat_all,11,Mammalia,Balaenoptera physalus,8,30.24908526396839,3.4308601906274436
eat_all,11,Mammalia,Megaptera novaeangliae,8,32.956696350237046,2.9847368047961584
eat_all,11,Mammalia,Orcinus orca,18,32.00510212542336,3.07681164001537
eat_all,11,Mammalia,Lagenorhynchus acutus,6,29.407236029804576,3.5127737898387843
eat_all,11,Mammalia,Stenella coeruleoalba,5,30.514585960685324,3.4253424345296795
eat_all,12,Aves,Parus major,6,18.35177013728921,5.610645501003371
eat_all,12,Aves,Fringilla coelebs,14,18.003144449275396,5.480493224898503
eat_all,12,Aves,Erithacus rubecula,6,16.327023086863285,5.161982399925396
eat_all,12,Aves,Turdus merula,10,17.379557220421525,5.428624779639615
eat_all,12,Aves,Anthus trivialis,5,20.36824484484327,5.735698252559838
eat_all,12,Mammalia,Globicephala macrorhynchus,7,15.64801683929123,4.335989337867022
eat_all,12,Mammalia,Delphinus delphis,8,15.288736605595243,4.404710158468256
eat_all,12,Mammalia,Balaenoptera physalus,8,14.566172220020075,4.569843731444176
eat_all,12,Mammalia,Megaptera novaeangliae,8,17.16447122907415,4.64702106140943
eat_all,12,Mammalia,Orcinus orca,18,15.106110665409028,4.31397533360733
eat_all,12,Mammalia,Lagenorhynchus acutus,6,14.635743406690521,4.439475605365397
eat_all,12,Mammalia,Stenella coeruleoalba,5,15.632727697505606,4.576962663957329
eat_bio,0,Aves,Parus major,6,0.2605176797741444,0.1950023192761505
eat_bio,0,Aves,Fringilla coelebs,14,0.2514997855867531,0.19669616239582602
eat_bio,0,Aves,Erithacus rubecula,6,0.22559110599207705,0.2089796182271532
eat_bio,0,Aves,Turdus merula,10,0.24999696773602825,0.2096043252459513
eat_bio,0,Aves,Anthus trivialis,5,0.28592646942343813,0.211171260234432
eat_bio,0,Mammalia,Globicephala macrorhynchus,7,0.23370051828460947,0.24701587402249406
eat_bio,0,Mammalia,Delphinus delphis,8,0.24430857139194306,0.2494499991899632
eat_bio,0,Mammalia,Balaenoptera physalus,8,0.3084940738529559,0.3177042350516375
eat_bio,0,Mammalia,Megaptera novaeangliae,8,0.24379518776646553,0.22889175584712704
eat_bio,0,Mammalia,Orcinus orca,18,0.2517571696187631,0.2582505877718739
eat_bio,0,Mammalia,Lagenorhynchus acutus,6,0.22693009458479652,0.2534951748830779
eat_bio,0,Mammalia,Stenella coeruleoalba,5,0.21979148175655114,0.25895537068840413
eat_bio,1,Aves,Parus major,6,5.628873198266956,0.7949785595782858
eat_bio,1,Aves,Fringilla coelebs,14,5.599231817259603,0.8021181007482608
eat_bio,1,Aves,Erithacus rubecula,6,5.106906779067864,0.8741526569872159
eat_bio,1,Aves,Turdus merula,10,5.513458738344726,0.8335819626373494
eat_bio,1,Aves,Anthus trivialis,5,6.14514955989421,0.8432777580146932
eat_bio,1,Mammalia,Globicephala macrorhynchus,7,4.645253293795773,1.128272276412627
eat_bio,1,Mammalia,Delphinus delphis,8,5.027123069143403,1.096678521591019
eat_bio,1,Mammalia,Balaenoptera physalus,8,5.388459728780021,1.4597910352851655
eat_bio,1,Mammalia,Megaptera novaeangliae,8,5.050327659053003,1.0099279090028848
eat_bio,1,Mammalia,Orcinus orca,18,4.764069534879474,1.3687393078189998
eat_bio,1,Mammalia,Lagenorhynchus acutus,6,4.169970482888296,1.3389873834277688
eat_bio,1,Mammalia,Stenella coeruleoalba,5,4.249103493905672,1.2625643363311987
eat_bio,2,Aves,Parus major,6,23.459011754868648,1.746985317615678
eat_bio,2,Aves,Fringilla coelebs,14,23.38562921488495,1.7535236451976859
eat_bio,2,Aves,Erithacus rubecula,6,22.804077870011284,1.8903241600931784
eat_bio,2,Aves,Turdus merula,10,23.40795034178416,1.7660624800177471
eat_bio,2,Aves,Anthus trivialis,5,22.865583588587427,1.7698130419655498
eat_bio,2,Mammalia,Globicephala macrorhynchus,7,21.226935805747747,2.136977890827417
eat_bio,2,Mammalia,Delphinus delphis,8,21.541734292222518,2.070711145849591
eat_bio,2,Mammalia,Balaenoptera physalus,8,20.414344100828625,2.336069055990083
eat_bio,2,Mammalia,Megaptera novaeangliae,8,22.383134662106123,1.974978913291774
eat_bio,2,Mammalia,Orcinus orca,18,21.304063178321414,2.1200051036870518
eat_bio,2,Mammalia,Lagenorhynchus acutus,6,20.218409795727435,2.2723425580168426
eat_bio,2,Mammalia,Stenella coeruleoalba,5,20.68016967274096,2.237629445055377
eat_bio,3,Aves,Parus major,6,22.651406226781308,2.0564508232543335
eat_bio,3,Aves,Fringilla coelebs,14,22.48053837594054,2.058193252657641
eat_bio,3,Aves,Erithacus rubecula,6,22.02164100315001,2.1934716445205553
eat_bio,3,Aves,Turdus merula,10,22.514162294167605,2.1072193226641858
eat_bio,3,Aves,Anthus trivialis,5,20.991966682917074,2.190932533716267
eat_bio,3,Mammalia,Globicephala macrorhynchus,7,20.342781036495754,2.325063442523047
eat_bio,3,Mammalia,Delphinus delphis,8,20.71402916079525,2.3428458726713712
eat_bio,3,Mammalia,Balaenoptera physalus,8,19.79014905551447,2.536143401914898
eat_bio,3,Mammalia,Megaptera novaeangliae,8,21.82835510281107,2.1616815932597144
eat_bio,3,Mammalia,Orcinus orca,18,20.015297445659883,2.3131120325861816
eat_bio,3,Mammalia,Lagenorhynchus acutus,6,19.101579923933855,2.5356891579177008
eat_bio,3,Mammalia,Stenella coeruleoalba,5,19.725341402941613,2.4956467689505777
eat_bio,4,Aves,Parus major,6,27.553491531167978,1.8984418034819568
eat_bio,4,Aves,Fringilla coelebs,14,27.512129818578224,1.881604147333083
eat_bio,4,Aves,Erithacus rubecula,6,26.314944130667122,2.1114278193606686
eat_bio,4,Aves,Turdus merula,10,27.53327481470904,1.8954134559494014
eat_bio,4,Aves,Anthus trivialis,5,26.900575903084317,2.0407634528831173
eat_bio,4,Mammalia,Globicephala macrorhynchus,7,24.203672002815427,2.5013110191985164
eat_bio,4,Mammalia,Delphinus delphis,8,24.707792269443225,2.460115992682857
eat_bio,4,Mammalia,Balaenoptera physalus,8,24.242895049965746,2.6677934682139988
eat_bio,4,Mammalia,Megaptera novaeangliae,8,26.186676911053745,2.091400539026826
eat_bio,4,Mammalia,Orcinus orca,18,25.024804475397936,2.3443928529831166
eat_bio,4,Mammalia,Lagenorhynchus acutus,6,22.04680627449643,2.8520547539846453
eat_bio,4,Mammalia,Stenella coeruleoalba,5,23.365299125712973,2.603455527063894
eat_bio,5,Aves,Parus major,6,36.28594279352392,2.3773629318177956
eat_bio,5,Aves,Fringilla coelebs,14,36.18678600324535,2.391543529078758
eat_bio,5,Aves,Erithacus rubecula,6,34.97375227504438,2.6747025388290386
eat_bio,5,Aves,Turdus merula,10,36.14465102839151,2.4006188199250222
eat_bio,5,Aves,Anthus trivialis,5,35.237401844742195,2.502563044203029
eat_bio,5,Mammalia,Globicephala macrorhynchus,7,32.67266067097832,2.8927383114560903
eat_bio,5,Mammalia,Delphinus delphis,8,33.067752512131975,2.8914064937009845
eat_bio,5,Mammalia,Balaenoptera physalus,8,31.30330232915588,3.1386624949287025
eat_bio,5,Mammalia,Megaptera novaeangliae,8,35.09729096625076,2.5044347087992462
eat_bio,5,Mammalia,Orcinus orca,18,33.6292639306659,2.6911738568262242
eat_bio,5,Mammalia,Lagenorhynchus acutus,6,30.845771079307877,3.200866018239097
eat_bio,5,Mammalia,Stenella coeruleoalba,5,31.81210814897607,3.0904823009584246
eat_bio,6,Aves,Parus major,6,32.506753873366726,2.5659255118122934
eat_bio,6,Aves,Fringilla coelebs,14,32.58875590394517,2.524639941474356
eat_bio,6,Aves,Erithacus rubecula,6,31.383987510946614,2.8417254339202858
eat_bio,6,Aves,Turdus merula,10,32.292172803431995,2.5929668968513924
eat_bio,6,Aves,Anthus trivialis,5,31.169385094793395,2.6347968062555487
eat_bio,6,Mammalia,Globicephala macrorhynchus,7,30.57207602569185,2.8786894816440958
eat_bio,6,Mammalia,Delphinus delphis,8,30.748481616194816,2.8639199175384378
eat_bio,6,Mammalia,Balaenoptera physalus,8,27.96793157674834,3.293667713247809
eat_bio,6,Mammalia,Megaptera novaeangliae,8,32.38692072578515,2.508862898331859
eat_bio,6,Mammalia,Orcinus orca,18,31.259265337840695,2.6637895313713047
eat_bio,6,Mammalia,Lagenorhynchus acutus,6,28.946967345288602,3.1772572312166867
eat_bio,6,Mammalia,Stenella coeruleoalba,5,29.63105848727139,3.062641586877695
eat_bio,7,Aves,Parus major,6,38.67667207245567,2.9546009575380547
eat_bio,7,Aves,Fringilla coelebs,14,38.20688615422689,2.992792095530392
eat_bio,7,Aves,Erithacus rubecula,6,36.07375170964941,3.267702775462296
eat_bio,7,Aves,Turdus merula,10,37.38600215919988,3.0921909620103825
eat_bio,7,Aves,Anthus trivialis,5,37.33252511249605,3.1265970188643633
eat_bio,7,Mammalia,Globicephala macrorhynchus,7,35.32172533896498,3.2749746479555344
eat_bio,7,Mammalia,Delphinus delphis,8,35.44891680422308,3.401845323398938
eat_bio,7,Mammalia,Balaenoptera physalus,8,32.92185259316761,3.90658804642985
eat_bio,7,Mammalia,Megaptera novaeangliae,8,37.56477146080126,3.099013263268756
eat_bio,7,Mammalia,Orcinus orca,18,36.49448104545411,3.215193799170958
eat_bio,7,Mammalia,Lagenorhynchus acutus,6,33.34518210881688,3.6338614887348273
eat_bio,7,Mammalia,Stenella coeruleoalba,5,33.45499477278534,3.55366756472947
eat_bio,8,Aves,Parus major,6,31.767078032530456,2.729649972223461
eat_bio,8,Aves,Fringilla coelebs,14,31.577015635437107,2.735193645656445
eat_bio,8,Aves,Erithacus rubecula,6,29.791499474866246,2.984297469387042
eat_bio,8,Aves,Turdus merula,10,30.85775018610064,2.824293304609448
eat_bio,8,Aves,Anthus trivialis,5,31.4323199320329,2.783017150977978
eat_bio,8,Mammalia,Globicephala macrorhynchus,7,28.915024614654488,3.079427396289841
eat_bio,8,Mammalia,Delphinus delphis,8,28.461918735965313,3.259731158579376
eat_bio,8,Mammalia,Balaenoptera physalus,8,28.096192048770508,3.5214215476613755
eat_bio,8,Mammalia,Megaptera novaeangliae,8,31.17909613800527,2.8280319381243695
eat_bio,8,Mammalia,Orcinus orca,18,29.55475124938814,3.050559027316874
eat_bio,8,Mammalia,Lagenorhynchus acutus,6,27.148905086388318,3.321332316734528
eat_bio,8,Mammalia,Stenella coeruleoalba,5,27.751930851436573,3.266047815141559
eat_bio,9,Aves,Parus major,6,22.86140140409135,2.320124842255736
eat_bio,9,Aves,Fringilla coelebs,14,22.875888356036146,2.2679115736245783
eat_bio,9,Aves,Erithacus rubecula,6,21.74061991782662,2.413498209712218
eat_bio,9,Aves,Turdus merula,10,22.408465431205798,2.33239365739667
eat_bio,9,Aves,Anthus trivialis,5,22.713979850291143,2.446656222515325
eat_bio,9,Mammalia,Globicephala macrorhynchus,7,20.672443812069698,2.736522388919292
eat_bio,9,Mammalia,Delphinus delphis,8,20.949998205810992,2.7450570966020966
eat_bio,9,Mammalia,Balaenoptera physalus,8,20.152610945530736,3.0117586313221025
eat_bio,9,Mammalia,Megaptera novaeangliae,8,22.57202143246729,2.4405258628566084
eat_bio,9,Mammalia,Orcinus orca,18,21.301532815886947,2.660388926824672
eat_bio,9,Mammalia,Lagenorhynchus acutus,6,19.39883122622121,2.95605074237858
eat_bio,9,Mammalia,Stenella coeruleoalba,5,20.425516242280572,2.773175093783752
eat_bio,10,Aves,Parus major,6,17.668229781017285,1.8429185188788881
eat_bio,10,Aves,Fringilla coelebs,14,17.737794086807522,1.8022532450190816
eat_bio,10,Aves,Erithacus rubecula,6,16.875774303745068,1.8801499079096355
eat_bio,10,Aves,Turdus merula,10,17.367961482862885,1.8543546655311622
eat_bio,10,Aves,Anthus trivialis,5,17.582826540147753,1.9897984375757523
eat_bio,10,Mammalia,Globicephala macrorhynchus,7,15.385384743942547,2.4368888445192067
eat_bio,10,Mammalia,Delphinus delphis,8,15.664066963164876,2.3972924688250647
eat_bio,10,Mammalia,Balaenoptera physalus,8,15.535312806092778,2.555032073058025
eat_bio,10,Mammalia,Megaptera novaeangliae,8,17.25792256937607,2.0940671419478294
eat_bio,10,Mammalia,Orcinus orca,18,15.837189181463897,2.3941668982145927
eat_bio,10,Mammalia,Lagenorhynchus acutus,6,14.076463084876396,2.7086083566857644
eat_bio,10,Mammalia,Stenella coeruleoalba,5,14.710346772188208,2.54646413788368
eat_bio,11,Aves,Parus major,6,16.88651577121588,2.15701058442484
eat_bio,11,Aves,Fringilla coelebs,14,17.12668899578352,2.055331305585325
eat_bio,11,Aves,Erithacus rubecula,6,16.38667912207531,2.2537515302348776
eat_bio,11,Aves,Turdus merula,10,16.840354003018284,2.1028335658952306
eat_bio,11,Aves,Anthus trivialis,5,17.019780586342222,2.184902046324567
eat_bio,11,Mammalia,Globicephala macrorhynchus,7,15.016231666651363,2.530875898414031
eat_bio,11,Mammalia,Delphinus delphis,8,15.10193225836992,2.537089552502773
eat_bio,11,Mammalia,Balaenoptera physalus,8,14.876225379200248,2.6074541484422182
eat_bio,11,Mammalia,Megaptera novaeangliae,8,16.665863666836092,2.2124313260708215
eat_bio,11,Mammalia,Orcinus orca,18,15.201419101438395,2.494995274415609
eat_bio,11,Mammalia,Lagenorhynchus acutus,6,13.981629507008856,2.748806177677499
eat_bio,11,Mammalia,Stenella coeruleoalba,5,14.476740044830745,2.6448491397626053
eat_bio,12,Aves,Parus major,6,12.376013191120082,3.620398332222865
eat_bio,12,Aves,Fringilla coelebs,14,13.47968287422312,3.721445067637834
eat_bio,12,Aves,Erithacus rubecula,6,11.510554205830523,3.4968573632510167
eat_bio,12,Aves,Turdus merula,10,11.993167875831746,3.643671068721921
eat_bio,12,Aves,Anthus trivialis,5,14.649199233138079,4.000628383248612
eat_bio,12,Mammalia,Globicephala macrorhynchus,7,11.111574802935648,3.8937189986539393
eat_bio,12,Mammalia,Delphinus delphis,8,11.313822532795388,4.0239741553555985
eat_bio,12,Mammalia,Balaenoptera physalus,8,12.41050502375912,3.899183210132646
eat_bio,12,Mammalia,Megaptera novaeangliae,8,14.139967482340548,4.21512269749717
eat_bio,12,Mammalia,Orcinus orca,18,12.530022224718364,4.105687017260199
eat_bio,12,Mammalia,Lagenorhynchus acutus,6,10.686303754332512,3.9896004919922974
eat_bio,12,Mammalia,Stenella coeruleoalba,5,11.386392187518897,4.153480775529171
sl_eat_all_ssl_all,0,Aves,Parus major,6,1.0478195639042245,0.26147583949588843
sl_eat_all_ssl_all,0,Aves,Fringilla coelebs,14,1.0447712839371828,0.2611081228904902
sl_eat_all_ssl_all,0,Aves,Erithacus rubecula,6,0.9656652947492402,0.2990241423764582
sl_eat_all_ssl_all,0,Aves,Turdus merula,10,1.0558220405054022,0.31174135660627683
sl_eat_all_ssl_all,0,Aves,Anthus trivialis,5,1.158363020145976,0.3427389071577651
sl_eat_all_ssl_all,0,Mammalia,Globicephala macrorhynchus,7,1.074136023591109,0.31154200679526195
sl_eat_all_ssl_all,0,Mammalia,Delphinus delphis,8,1.1477227082791226,0.31654769531391297
sl_eat_all_ssl_all,0,Mammalia,Balaenoptera physalus,8,1.046012350153637,0.594689033814808
sl_eat_all_ssl_all,0,Mammalia,Megaptera novaeangliae,8,1.0616087595790782,0.2818944243968024
sl_eat_all_ssl_all,0,Mammalia,Orcinus orca,18,1.036336064538433,0.44722001402485995
sl_eat_all_ssl_all,0,Mammalia,Lagenorhynchus acutus,6,1.0049430614056587,0.36842412954104314
sl_eat_all_ssl_all,0,Mammalia,Stenella coeruleoalba,5,0.9580643748039047,0.3574690637527322
sl_eat_all_ssl_all,1,Aves,Parus major,6,29.791848595670604,1.622340125454794
sl_eat_all_ssl_all,1,Aves,Fringilla coelebs,14,30.08190942318373,1.5852164667031254
sl_eat_all_ssl_all,1,Aves,Erithacus rubecula,6,28.82007023116579,1.7594766039114735
sl_eat_all_ssl_all,1,Aves,Turdus merula,10,29.664462350337338,1.626514333147581
sl_eat_all_ssl_all,1,Aves,Anthus trivialis,5,29.82596760189884,1.808954826462392
sl_eat_all_ssl_all,1,Mammalia,Globicephala macrorhynchus,7,27.223591860737724,2.3208222074933835
sl_eat_all_ssl_all,1,Mammalia,Delphinus delphis,8,28.46548166804832,2.186787958738062
sl_eat_all_ssl_all,1,Mammalia,Balaenoptera physalus,8,23.49879041924628,3.323239059368545
sl_eat_all_ssl_all,1,Mammalia,Megaptera novaeangliae,8,28.466787061492177,2.0416679269346822
sl_eat_all_ssl_all,1,Mammalia,Orcinus orca,18,24.97210424475308,2.988296688544041
sl_eat_all_ssl_all,1,Mammalia,Lagenorhynchus acutus,6,24.628358498169625,2.8219691118202115
sl_eat_all_ssl_all,1,Mammalia,Stenella coeruleoalba,5,25.641263910870737,2.673722714739338
sl_eat_all_ssl_all,2,Aves,Parus major,6,34.87120796411393,1.7557642694481714
sl_eat_all_ssl_all,2,Aves,Fringilla coelebs,14,34.30947592934113,1.9802829983855657
sl_eat_all_ssl_all,2,Aves,Erithacus rubecula,6,32.99904197869364,2.127650150582893
sl_eat_all_ssl_all,2,Aves,Turdus merula,10,35.26418426648267,1.8523445684973512
sl_eat_all_ssl_all,2,Aves,Anthus trivialis,5,33.44603645414938,1.884844229938346
sl_eat_all_ssl_all,2,Mammalia,Globicephala macrorhynchus,7,33.09398461026619,2.478694547382058
sl_eat_all_ssl_all,2,Mammalia,Delphinus delphis,8,33.38013373449824,2.552013034318422
sl_eat_all_ssl_all,2,Mammalia,Balaenoptera physalus,8,28.953564053619903,3.2263687645349313
sl_eat_all_ssl_all,2,Mammalia,Megaptera novaeangliae,8,34.51809393716421,2.1792355922823363
sl_eat_all_ssl_all,2,Mammalia,Orcinus orca,18,30.58270982470243,2.937819612637682
sl_eat_all_ssl_all,2,Mammalia,Lagenorhynchus acutus,6,28.869359254879818,3.1031045401493613
sl_eat_all_ssl_all,2,Mammalia,Stenella coeruleoalba,5,30.482502439223456,2.9286933732558342
sl_eat_all_ssl_all,3,Aves,Parus major,6,33.75035528908173,1.7097900334864973
sl_eat_all_ssl_all,3,Aves,Fringilla coelebs,14,33.859101742943814,1.7360071128146444
sl_eat_all_ssl_all,3,Aves,Erithacus rubecula,6,32.53511157349282,1.967418410582999
sl_eat_all_ssl_all,3,Aves,Turdus merula,10,33.61188796717193,1.7576671211908637
sl_eat_all_ssl_all,3,Aves,Anthus trivialis,5,31.864595605341165,2.0054956193371134
sl_eat_all_ssl_all,3,Mammalia,Globicephala macrorhynchus,7,30.101571545487012,2.510436164033989
sl_eat_all_ssl_all,3,Mammalia,Delphinus delphis,8,30.796803434335754,2.6574324574005974
sl_eat_all_ssl_all,3,Mammalia,Balaenoptera physalus,8,27.631394008228135,3.2719934539748077
sl_eat_all_ssl_all,3,Mammalia,Megaptera novaeangliae,8,33.376909179168514,2.0982776805012486
sl_eat_all_ssl_all,3,Mammalia,Orcinus orca,18,29.328549936452657,2.8225040148247826
sl_eat_all_ssl_all,3,Mammalia,Lagenorhynchus acutus,6,26.082280693675195,3.0236791810823997
sl_eat_all_ssl_all,3,Mammalia,Stenella coeruleoalba,5,28.545670376359695,2.950423934199674
sl_eat_all_ssl_all,4,Aves,Parus major,6,66.17056305316426,2.3518226453000843
sl_eat_all_ssl_all,4,Aves,Fringilla coelebs,14,66.00809144057644,2.3699025065710475
sl_eat_all_ssl_all,4,Aves,Erithacus rubecula,6,63.994775262640786,2.649886732204214
sl_eat_all_ssl_all,4,Aves,Turdus merula,10,66.38192304899758,2.2678756469726964
sl_eat_all_ssl_all,4,Aves,Anthus trivialis,5,63.94097199775406,2.6050770215031016
sl_eat_all_ssl_all,4,Mammalia,Globicephala macrorhynchus,7,57.88489585070835,3.870848978599443
sl_eat_all_ssl_all,4,Mammalia,Delphinus delphis,8,58.2164861217571,3.971177499923923
sl_eat_all_ssl_all,4,Mammalia,Balaenoptera physalus,8,50.61984625713117,4.766935071627227
sl_eat_all_ssl_all,4,Mammalia,Megaptera novaeangliae,8,62.26463804741857,3.049467175613816
sl_eat_all_ssl_all,4,Mammalia,Orcinus orca,18,55.48119184138738,4.106453318121355
sl_eat_all_ssl_all,4,Mammalia,Lagenorhynchus acutus,6,52.46410015881683,4.540021913447018
sl_eat_all_ssl_all,4,Mammalia,Stenella coeruleoalba,5,54.41164540520659,4.259941993496031
sl_eat_all_ssl_all,5,Aves,Parus major,6,68.96166922075521,2.30076960348317
sl_eat_all_ssl_all,5,Aves,Fringilla coelebs,14,69.50782811717652,2.2634889266285003
sl_eat_all_ssl_all,5,Aves,Erithacus rubecula,6,67.77382914128304,2.7341448182886037
sl_eat_all_ssl_all,5,Aves,Turdus merula,10,69.04787487685518,2.210576872597551
sl_eat_all_ssl_all,5,Aves,Anthus trivialis,5,67.85409363629259,2.5825735952489755
sl_eat_all_ssl_all,5,Mammalia,Globicephala macrorhynchus,7,57.11185040211448,4.054056058713845
sl_eat_all_ssl_all,5,Mammalia,Delphinus delphis,8,57.03657419175357,4.1846178176365925
sl_eat_all_ssl_all,5,Mammalia,Balaenoptera physalus,8,49.30298053765912,4.828249434117411
sl_eat_all_ssl_all,5,Mammalia,Megaptera novaeangliae,8,64.35938907777134,3.184163934733412
sl_eat_all_ssl_all,5,Mammalia,Orcinus orca,18,56.85934054083343,4.176463898259598
sl_eat_all_ssl_all,5,Mammalia,Lagenorhynchus acutus,6,53.20331735421129,4.5223351970450345
sl_eat_all_ssl_all,5,Mammalia,Stenella coeruleoalba,5,53.62916961022168,4.552578858184385
sl_eat_all_ssl_all,6,Aves,Parus major,6,60.088273400072566,2.4893393230918575
sl_eat_all_ssl_all,6,Aves,Fringilla coelebs,14,59.90650471537229,2.2830541920873615
sl_eat_all_ssl_all,6,Aves,Erithacus rubecula,6,59.26189355093548,2.599729720529885
sl_eat_all_ssl_all,6,Aves,Turdus merula,10,60.03297423920024,2.337859975210216
sl_eat_all_ssl_all,6,Aves,Anthus trivialis,5,56.90079029891565,2.82003102734433
sl_eat_all_ssl_all,6,Mammalia,Globicephala macrorhynchus,7,49.901724682142905,4.126075715583148
sl_eat_all_ssl_all,6,Mammalia,Delphinus delphis,8,51.04904473499093,4.090871125463512
sl_eat_all_ssl_all,6,Mammalia,Balaenoptera physalus,8,43.984154938817234,4.807305303595752
sl_eat_all_ssl_all,6,Mammalia,Megaptera novaeangliae,8,56.46335587500665,3.201879182436336
sl_eat_all_ssl_all,6,Mammalia,Orcinus orca,18,51.66543932822885,4.045530398281499
sl_eat_all_ssl_all,6,Mammalia,Lagenorhynchus acutus,6,47.65664339987886,4.515969272436327
sl_eat_all_ssl_all,6,Mammalia,Stenella coeruleoalba,5,48.44377571475043,4.489296785763296
sl_eat_all_ssl_all,7,Aves,Parus major,6,66.7383527784356,3.266822686882878
sl_eat_all_ssl_all,7,Aves,Fringilla coelebs,14,66.16377471673884,2.9812178860723804
sl_eat_all_ssl_all,7,Aves,Erithacus rubecula,6,66.2146604709742,3.2900011031802388
sl_eat_all_ssl_all,7,Aves,Turdus merula,10,67.88846358240764,3.071969274065716
sl_eat_all_ssl_all,7,Aves,Anthus trivialis,5,62.3989164399425,3.5588514256932475
sl_eat_all_ssl_all,7,Mammalia,Globicephala macrorhynchus,7,57.66222698816791,4.621292130915842
sl_eat_all_ssl_all,7,Mammalia,Delphinus delphis,8,58.36509488971479,4.614046442749166
sl_eat_all_ssl_all,7,Mammalia,Balaenoptera physalus,8,47.211306414264726,5.577084289477933
sl_eat_all_ssl_all,7,Mammalia,Megaptera novaeangliae,8,64.37455212951892,3.7665370242514267
sl_eat_all_ssl_all,7,Mammalia,Orcinus orca,18,58.62908927247509,4.533134144448166
sl_eat_all_ssl_all,7,Mammalia,Lagenorhynchus acutus,6,55.327031322599396,5.005552052786229
sl_eat_all_ssl_all,7,Mammalia,Stenella coeruleoalba,5,56.310550776232574,4.9167588977062096
sl_eat_all_ssl_all,8,Aves,Parus major,6,64.42167343535836,2.783215817018747
sl_eat_all_ssl_all,8,Aves,Fringilla coelebs,14,64.11229538730409,2.91540257612805
sl_eat_all_ssl_all,8,Aves,Erithacus rubecula,6,63.269585595348325,3.1472089607081304
sl_eat_all_ssl_all,8,Aves,Turdus merula,10,63.825783661974214,2.849940559103308
sl_eat_all_ssl_all,8,Aves,Anthus trivialis,5,61.357223288258,3.044258957125681
sl_eat_all_ssl_all,8,Mammalia,Globicephala macrorhynchus,7,58.60627124785505,3.9958745494011323
sl_eat_all_ssl_all,8,Mammalia,Delphinus delphis,8,58.33881346457522,4.151772969774276
sl_eat_all_ssl_all,8,Mammalia,Balaenoptera physalus,8,49.65143068124315,5.090966858660659
sl_eat_all_ssl_all,8,Mammalia,Megaptera novaeangliae,8,62.62588345026657,3.3700592376284915
sl_eat_all_ssl_all,8,Mammalia,Orcinus orca,18,56.95130349311305,4.175478840551192
sl_eat_all_ssl_all,8,Mammalia,Lagenorhynchus acutus,6,55.8510565776659,4.514481011478538
sl_eat_all_ssl_all,8,Mammalia,Stenella coeruleoalba,5,56.47835982358064,4.431174177709113
sl_eat_all_ssl_all,9,Aves,Parus major,6,39.021345268847966,2.0404106865979097
sl_eat_all_ssl_all,9,Aves,Fringilla coelebs,14,39.08717996908881,2.0280762960493597
sl_eat_all_ssl_all,9,Aves,Erithacus rubecula,6,37.69891626639192,2.099382497632482
sl_eat_all_ssl_all,9,Aves,Turdus merula,10,38.797648879959304,2.03368757280041
sl_eat_all_ssl_all,9,Aves,Anthus trivialis,5,37.22061475675117,2.4027546572379075
sl_eat_all_ssl_all,9,Mammalia,Globicephala macrorhynchus,7,35.84524642223712,3.169535243957689
sl_eat_all_ssl_all,9,Mammalia,Delphinus delphis,8,36.449699141384755,3.1475041660475984
sl_eat_all_ssl_all,9,Mammalia,Balaenoptera physalus,8,32.06451929632699,3.6543904008983916
sl_eat_all_ssl_all,9,Mammalia,Megaptera novaeangliae,8,38.67752515840824,2.709964118833123
sl_eat_all_ssl_all,9,Mammalia,Orcinus orca,18,36.59045216166966,2.987357395853038
sl_eat_all_ssl_all,9,Mammalia,Lagenorhynchus acutus,6,35.36352154454474,3.296090061711105
sl_eat_all_ssl_all,9,Mammalia,Stenella coeruleoalba,5,35.26571964081895,3.3325349561521618
sl_eat_all_ssl_all,10,Aves,Parus major,6,22.276150159216385,1.6543120250907006
sl_eat_all_ssl_all,10,Aves,Fringilla coelebs,14,22.539166353604447,1.575991549784486
sl_eat_all_ssl_all,10,Aves,Erithacus rubecula,6,21.916775169702028,1.6578576976059902
sl_eat_all_ssl_all,10,Aves,Turdus merula,10,22.826810567219248,1.4119931442385603
sl_eat_all_ssl_all,10,Aves,Anthus trivialis,5,21.891844510151298,1.9480582579173311
sl_eat_all_ssl_all,10,Mammalia,Globicephala macrorhynchus,7,22.153740090033924,2.3003541145536492
sl_eat_all_ssl_all,10,Mammalia,Delphinus delphis,8,22.77536759042351,2.289554634882212
sl_eat_all_ssl_all,10,Mammalia,Balaenoptera physalus,8,19.77667279337817,2.609006114523867
sl_eat_all_ssl_all,10,Mammalia,Megaptera novaeangliae,8,23.426550232821587,2.039195877451491
sl_eat_all_ssl_all,10,Mammalia,Orcinus orca,18,22.027912417719065,2.187414149113963
sl_eat_all_ssl_all,10,Mammalia,Lagenorhynchus acutus,6,21.84703902881553,2.445822654842287
sl_eat_all_ssl_all,10,Mammalia,Stenella coeruleoalba,5,21.97994678928705,2.425814181320734
sl_eat_all_ssl_all,11,Aves,Parus major,6,11.065061247234148,1.8773262144195735
sl_eat_all_ssl_all,11,Aves,Fringilla coelebs,14,11.097441452693783,1.655463347467791
sl_eat_all_ssl_all,11,Aves,Erithacus rubecula,6,11.045654476581028,2.0449724811823864
sl_eat_all_ssl_all,11,Aves,Turdus merula,10,11.513793825609024,1.6135159747494172
sl_eat_all_ssl_all,11,Aves,Anthus trivialis,5,10.492691318327129,1.4546365887871402
sl_eat_all_ssl_all,11,Mammalia,Globicephala macrorhynchus,7,8.430077911982602,1.244663428032528
sl_eat_all_ssl_all,11,Mammalia,Delphinus delphis,8,8.991481963958417,1.4303742065129035
sl_eat_all_ssl_all,11,Mammalia,Balaenoptera physalus,8,8.30978559635737,1.4576458123031355
sl_eat_all_ssl_all,11,Mammalia,Megaptera novaeangliae,8,9.314319639161765,1.1202813591727965
sl_eat_all_ssl_all,11,Mammalia,Orcinus orca,18,9.123936869957939,1.2534955561974406
sl_eat_all_ssl_all,11,Mammalia,Lagenorhynchus acutus,6,8.047837912088069,1.3955559900883645
sl_eat_all_ssl_all,11,Mammalia,Stenella coeruleoalba,5,7.850588678481475,1.2689367649195877
sl_eat_all_ssl_all,12,Aves,Parus major,6,122.57398121693555,3.867141192055005
sl_eat_all_ssl_all,12,Aves,Fringilla coelebs,14,116.65562612048926,3.73490433795072
sl_eat_all_ssl_all,12,Aves,Erithacus rubecula,6,125.07267112971745,3.8562558953709805
sl_eat_all_ssl_all,12,Aves,Turdus merula,10,125.67043570492211,3.5615793356405683
sl_eat_all_ssl_all,12,Aves,Anthus trivialis,5,115.94018645055056,3.8470069138650684
sl_eat_all_ssl_all,12,Mammalia,Globicephala macrorhynchus,7,109.32489093011648,6.349692575309527
sl_eat_all_ssl_all,12,Mammalia,Delphinus delphis,8,102.939403312506,6.464477617437342
sl_eat_all_ssl_all,12,Mammalia,Balaenoptera physalus,8,115.62385300070619,4.920632580725858
sl_eat_all_ssl_all,12,Mammalia,Megaptera novaeangliae,8,102.12702506341373,5.633855871338467
sl_eat_all_ssl_all,12,Mammalia,Orcinus orca,18,104.04829857501821,6.343682334699536
sl_eat_all_ssl_all,12,Mammalia,Lagenorhynchus acutus,6,106.86734209215233,5.802390198587887
sl_eat_all_ssl_all,12,Mammalia,Stenella coeruleoalba,5,103.06314668498347,6.77733732521155
sl_eat_bio_ssl_all,0,Aves,Parus major,6,0.39397677543869153,0.12673664986646158
sl_eat_bio_ssl_all,0,Aves,Fringilla coelebs,14,0.39531955652715606,0.1279783655500903
sl_eat_bio_ssl_all,0,Aves,Erithacus rubecula,6,0.369815479946011,0.14569502605381207
sl_eat_bio_ssl_all,0,Aves,Turdus merula,10,0.3890490446282963,0.13413171612914737
sl_eat_bio_ssl_all,0,Aves,Anthus trivialis,5,0.4181299910892983,0.13854892178447595
sl_eat_bio_ssl_all,0,Mammalia,Globicephala macrorhynchus,7,0.3848802755417466,0.26671174957414023
sl_eat_bio_ssl_all,0,Mammalia,Delphinus delphis,8,0.3868819721113928,0.26150008372962746
sl_eat_bio_ssl_all,0,Mammalia,Balaenoptera physalus,8,0.396819266661152,0.3083757535191933
sl_eat_bio_ssl_all,0,Mammalia,Megaptera novaeangliae,8,0.3880918373714791,0.22397592673523348
sl_eat_bio_ssl_all,0,Mammalia,Orcinus orca,18,0.38952521845807825,0.24533529552199082
sl_eat_bio_ssl_all,0,Mammalia,Lagenorhynchus acutus,6,0.3689175822991271,0.2660550222279014
sl_eat_bio_ssl_all,0,Mammalia,Stenella coeruleoalba,5,0.35816431473493765,0.2721849354443352
sl_eat_bio_ssl_all,1,Aves,Parus major,6,26.63417852641973,1.4415112790314044
sl_eat_bio_ssl_all,1,Aves,Fringilla coelebs,14,26.59808586047718,1.390936964504958
sl_eat_bio_ssl_all,1,Aves,Erithacus rubecula,6,25.590968536235756,1.5174162005086484
sl_eat_bio_ssl_all,1,Aves,Turdus merula,10,26.667778809133466,1.439323609992064
sl_eat_bio_ssl_all,1,Aves,Anthus trivialis,5,27.557041585347555,1.5896018077898049
sl_eat_bio_ssl_all,1,Mammalia,Globicephala macrorhynchus,7,23.338389245588235,2.113901603328436
sl_eat_bio_ssl_all,1,Mammalia,Delphinus delphis,8,24.638215503005675,2.017153282650322
sl_eat_bio_ssl_all,1,Mammalia,Balaenoptera physalus,8,23.01941282987674,2.6726856975107243
sl_eat_bio_ssl_all,1,Mammalia,Megaptera novaeangliae,8,24.543754736518178,1.871804389383236
sl_eat_bio_ssl_all,1,Mammalia,Orcinus orca,18,22.76853901687751,2.513127252871729
sl_eat_bio_ssl_all,1,Mammalia,Lagenorhynchus acutus,6,21.378120941782964,2.5452855599923527
sl_eat_bio_ssl_all,1,Mammalia,Stenella coeruleoalba,5,21.770377832336845,2.4241377904426185
sl_eat_bio_ssl_all,2,Aves,Parus major,6,31.458078108221294,1.7145935606772666
sl_eat_bio_ssl_all,2,Aves,Fringilla coelebs,14,30.92607659266347,1.8263407395656308
sl_eat_bio_ssl_all,2,Aves,Erithacus rubecula,6,29.36662753861063,1.9855932109986516
sl_eat_bio_ssl_all,2,Aves,Turdus merula,10,31.18218615087709,1.7851135086878587
sl_eat_bio_ssl_all,2,Aves,Anthus trivialis,5,31.10865788886293,1.8788839831025277
sl_eat_bio_ssl_all,2,Mammalia,Globicephala macrorhynchus,7,28.985874665805554,2.163514129479161
sl_eat_bio_ssl_all,2,Mammalia,Delphinus delphis,8,29.110780645156964,2.1725929944306817
sl_eat_bio_ssl_all,2,Mammalia,Balaenoptera physalus,8,28.868964598900355,2.7670488376934994
sl_eat_bio_ssl_all,2,Mammalia,Megaptera novaeangliae,8,30.50804291104574,1.8750775649801534
sl_eat_bio_ssl_all,2,Mammalia,Orcinus orca,18,29.631826232192825,2.252493970215907
sl_eat_bio_ssl_all,2,Mammalia,Lagenorhynchus acutus,6,26.60370441887529,2.504164833193264
sl_eat_bio_ssl_all,2,Mammalia,Stenella coeruleoalba,5,27.226733147093285,2.415492514715281
sl_eat_bio_ssl_all,3,Aves,Parus major,6,32.76161084336613,2.0940671197386025
sl_eat_bio_ssl_all,3,Aves,Fringilla coelebs,14,32.713529428808876,2.0601675803696575
sl_eat_bio_ssl_all,3,Aves,Erithacus rubecula,6,31.19881396988225,2.30616454563287
sl_eat_bio_ssl_all,3,Aves,Turdus merula,10,32.49471788807088,2.131003723849943
sl_eat_bio_ssl_all,3,Aves,Anthus trivialis,5,31.961005759815663,2.3428674579392403
sl_eat_bio_ssl_all,3,Mammalia,Globicephala macrorhynchus,7,29.112894714198024,2.3907402370499007
sl_eat_bio_ssl_all,3,Mammalia,Delphinus delphis,8,29.82763923935766,2.4389427442415896
sl_eat_bio_ssl_all,3,Mammalia,Balaenoptera physalus,8,28.86372707294754,2.895012164130234
sl_eat_bio_ssl_all,3,Mammalia,Megaptera novaeangliae,8,31.983042015950442,2.075273667161351
sl_eat_bio_ssl_all,3,Mammalia,Orcinus orca,18,30.856276089316566,2.2618331991772473
sl_eat_bio_ssl_all,3,Mammalia,Lagenorhynchus acutus,6,26.851443035330846,2.7305055628283776
sl_eat_bio_ssl_all,3,Mammalia,Stenella coeruleoalba,5,28.078971454208506,2.6269860267078324
sl_eat_bio_ssl_all,4,Aves,Parus major,6,60.725558736709985,2.415994175617456
sl_eat_bio_ssl_all,4,Aves,Fringilla coelebs,14,60.527400639656825,2.4099508602180295
sl_eat_bio_ssl_all,4,Aves,Erithacus rubecula,6,58.385499110730066,2.7343470493929436
sl_eat_bio_ssl_all,4,Aves,Turdus merula,10,60.705552640474565,2.426440463442413
sl_eat_bio_ssl_all,4,Aves,Anthus trivialis,5,59.44878565097726,2.682343432851958
sl_eat_bio_ssl_all,4,Mammalia,Globicephala macrorhynchus,7,54.9342383019564,3.059851385796175
sl_eat_bio_ssl_all,4,Mammalia,Delphinus delphis,8,55.04275969972745,3.221483062001959
sl_eat_bio_ssl_all,4,Mammalia,Balaenoptera physalus,8,49.062022665012364,4.167392312711968
sl_eat_bio_ssl_all,4,Mammalia,Megaptera novaeangliae,8,58.14526102423524,2.609821087961276
sl_eat_bio_ssl_all,4,Mammalia,Orcinus orca,18,57.46137790828778,2.800123273158742
sl_eat_bio_ssl_all,4,Mammalia,Lagenorhynchus acutus,6,50.56439138669594,3.5752576595576278
sl_eat_bio_ssl_all,4,Mammalia,Stenella coeruleoalba,5,52.488757881739105,3.298737678892555
sl_eat_bio_ssl_all,5,Aves,Parus major,6,67.92799878288972,2.4548910515378273
sl_eat_bio_ssl_all,5,Aves,Fringilla coelebs,14,68.14319701288052,2.395159762378386
sl_eat_bio_ssl_all,5,Aves,Erithacus rubecula,6,65.44139736100232,2.8845795866497346
sl_eat_bio_ssl_all,5,Aves,Turdus merula,10,68.39145392607453,2.3622707940083743
sl_eat_bio_ssl_all,5,Aves,Anthus trivialis,5,65.74966479470207,2.8658641685559147
sl_eat_bio_ssl_all,5,Mammalia,Globicephala macrorhynchus,7,61.55386260464413,3.230843994209312
sl_eat_bio_ssl_all,5,Mammalia,Delphinus delphis,8,60.675437061059164,3.5483907456140202
sl_eat_bio_ssl_all,5,Mammalia,Balaenoptera physalus,8,53.47886644149257,4.46266376723048
sl_eat_bio_ssl_all,5,Mammalia,Megaptera novaeangliae,8,64.97886523350718,2.845672199396122
sl_eat_bio_ssl_all,5,Mammalia,Orcinus orca,18,63.99875841478495,2.9908698561676377
sl_eat_bio_ssl_all,5,Mammalia,Lagenorhynchus acutus,6,58.58106109062967,3.609069333679384
sl_eat_bio_ssl_all,5,Mammalia,Stenella coeruleoalba,5,58.57730089957696,3.7112778353898754
sl_eat_bio_ssl_all,6,Aves,Parus major,6,58.52895940380383,2.427293244577988
sl_eat_bio_ssl_all,6,Aves,Fringilla coelebs,14,58.99989935018251,2.336165980084109
sl_eat_bio_ssl_all,6,Aves,Erithacus rubecula,6,57.015107556000174,2.6855130637992812
sl_eat_bio_ssl_all,6,Aves,Turdus merula,10,58.686481309519195,2.3456518074808677
sl_eat_bio_ssl_all,6,Aves,Anthus trivialis,5,55.64998211497048,2.972357315267257
sl_eat_bio_ssl_all,6,Mammalia,Globicephala macrorhynchus,7,54.147113104826275,3.1147054321851373
sl_eat_bio_ssl_all,6,Mammalia,Delphinus delphis,8,51.57794481813849,3.5010422972046937
sl_eat_bio_ssl_all,6,Mammalia,Balaenoptera physalus,8,41.94882225648656,4.670238747121518
sl_eat_bio_ssl_all,6,Mammalia,Megaptera novaeangliae,8,47.73792845407239,3.9187575786589433
sl_eat_bio_ssl_all,6,Mammalia,Orcinus orca,18,54.48335190313512,3.0061295223764306
sl_eat_bio_ssl_all,6,Mammalia,Lagenorhynchus acutus,6,50.96789057671336,3.501242273891985
sl_eat_bio_ssl_all,6,Mammalia,Stenella coeruleoalba,5,49.054600950325394,3.792629787322184
sl_eat_bio_ssl_all,7,Aves,Parus major,6,78.32138060887011,3.3975920290857475
sl_eat_bio_ssl_all,7,Aves,Fringilla coelebs,14,78.11034759364634,3.3649553964717533
sl_eat_bio_ssl_all,7,Aves,Erithacus rubecula,6,75.56242067100393,3.6836635410635643
sl_eat_bio_ssl_all,7,Aves,Turdus merula,10,77.93827833674938,3.3623257475351798
sl_eat_bio_ssl_all,7,Aves,Anthus trivialis,5,73.15304641489551,4.098818131821218
sl_eat_bio_ssl_all,7,Mammalia,Globicephala macrorhynchus,7,71.4895887796656,4.456300832763492
sl_eat_bio_ssl_all,7,Mammalia,Delphinus delphis,8,70.62768385760656,4.446246625016221
sl_eat_bio_ssl_all,7,Mammalia,Balaenoptera physalus,8,57.78090941871096,5.741529266965412
sl_eat_bio_ssl_all,7,Mammalia,Megaptera novaeangliae,8,64.77499235595195,5.203599229605207
sl_eat_bio_ssl_all,7,Mammalia,Orcinus orca,18,75.10193071870033,4.026836778445716
sl_eat_bio_ssl_all,7,Mammalia,Lagenorhynchus acutus,6,70.68861862981541,4.471158601874151
sl_eat_bio_ssl_all,7,Mammalia,Stenella coeruleoalba,5,67.98408080560341,4.7454488251753135
sl_eat_bio_ssl_all,8,Aves,Parus major,6,69.24559491856928,3.596490733151171
sl_eat_bio_ssl_all,8,Aves,Fringilla coelebs,14,67.31073960284324,3.786097544304013
sl_eat_bio_ssl_all,8,Aves,Erithacus rubecula,6,67.39014781568135,3.7492292574407173
sl_eat_bio_ssl_all,8,Aves,Turdus merula,10,69.70348679871417,3.5439421243242664
sl_eat_bio_ssl_all,8,Aves,Anthus trivialis,5,62.91464993734031,4.369056234592861
sl_eat_bio_ssl_all,8,Mammalia,Globicephala macrorhynchus,7,66.1772189605077,4.030545458406412
sl_eat_bio_ssl_all,8,Mammalia,Delphinus delphis,8,62.67324201924624,4.5772177031606045
sl_eat_bio_ssl_all,8,Mammalia,Balaenoptera physalus,8,55.49448052933102,5.442131850234631
sl_eat_bio_ssl_all,8,Mammalia,Megaptera novaeangliae,8,61.35928979780237,4.741599686921464
sl_eat_bio_ssl_all,8,Mammalia,Orcinus orca,18,67.02646929651821,3.958958064891094
sl_eat_bio_ssl_all,8,Mammalia,Lagenorhynchus acutus,6,64.11547478218395,4.355770326522643
sl_eat_bio_ssl_all,8,Mammalia,Stenella coeruleoalba,5,61.1776342057886,4.74336063569824
sl_eat_bio_ssl_all,9,Aves,Parus major,6,47.63911798121644,3.5149727053634896
sl_eat_bio_ssl_all,9,Aves,Fringilla coelebs,14,47.839971045792545,3.3680934632376953
sl_eat_bio_ssl_all,9,Aves,Erithacus rubecula,6,47.56856216332451,3.4661363491676047
sl_eat_bio_ssl_all,9,Aves,Turdus merula,10,48.38879591425485,3.3471325836104193
sl_eat_bio_ssl_all,9,Aves,Anthus trivialis,5,39.8262132054117,4.556480494681794
sl_eat_bio_ssl_all,9,Mammalia,Globicephala macrorhynchus,7,46.183668487280706,3.7915625780037536
sl_eat_bio_ssl_all,9,Mammalia,Delphinus delphis,8,41.3479215079187,4.437325207635562
sl_eat_bio_ssl_all,9,Mammalia,Balaenoptera physalus,8,37.104980013395796,4.91122806621008
sl_eat_bio_ssl_all,9,Mammalia,Megaptera novaeangliae,8,42.56606204252625,4.359582211481592
sl_eat_bio_ssl_all,9,Mammalia,Orcinus orca,18,42.67963741661833,4.330722433137289
sl_eat_bio_ssl_all,9,Mammalia,Lagenorhynchus acutus,6,42.282780765886386,4.2437749855632685
sl_eat_bio_ssl_all,9,Mammalia,Stenella coeruleoalba,5,38.69550030815602,4.742758450594634
sl_eat_bio_ssl_all,10,Aves,Parus major,6,26.019128010810928,3.182125245989222
sl_eat_bio_ssl_all,10,Aves,Fringilla coelebs,14,27.107542766398204,2.9919866577662386
sl_eat_bio_ssl_all,10,Aves,Erithacus rubecula,6,26.301519776193068,3.168972930606373
sl_eat_bio_ssl_all,10,Aves,Turdus merula,10,28.351100585842794,2.768802562723736
sl_eat_bio_ssl_all,10,Aves,Anthus trivialis,5,23.369135253465522,3.5731319120465024
sl_eat_bio_ssl_all,10,Mammalia,Globicephala macrorhynchus,7,27.77101900449582,2.8312625629036825
sl_eat_bio_ssl_all,10,Mammalia,Delphinus delphis,8,24.787793916051342,3.3684996564604437
sl_eat_bio_ssl_all,10,Mammalia,Balaenoptera physalus,8,22.96676107089926,3.6150411959064157
sl_eat_bio_ssl_all,10,Mammalia,Megaptera novaeangliae,8,24.09474332067615,3.451430627398886
sl_eat_bio_ssl_all,10,Mammalia,Orcinus orca,18,25.37256842499052,3.265784811515207
sl_eat_bio_ssl_all,10,Mammalia,Lagenorhynchus acutus,6,25.32216584765926,3.2207643028994655
sl_eat_bio_ssl_all,10,Mammalia,Stenella coeruleoalba,5,22.974600120388622,3.6169661650809033
sl_eat_bio_ssl_all,11,Aves,Parus major,6,24.96719524459267,3.457506904651831
sl_eat_bio_ssl_all,11,Aves,Fringilla coelebs,14,26.998045134920467,3.2231340884434228
sl_eat_bio_ssl_all,11,Aves,Erithacus rubecula,6,25.733125626775,3.4345260477824935
sl_eat_bio_ssl_all,11,Aves,Turdus merula,10,27.617490197875362,3.232279695752078
sl_eat_bio_ssl_all,11,Aves,Anthus trivialis,5,24.53295886066982,3.5472503813005583
sl_eat_bio_ssl_all,11,Mammalia,Globicephala macrorhynchus,7,25.1755713109026,3.284774358535425
sl_eat_bio_ssl_all,11,Mammalia,Delphinus delphis,8,23.78655735927503,3.4177151265516703
sl_eat_bio_ssl_all,11,Mammalia,Balaenoptera physalus,8,23.648192501092282,3.4890357508149474
sl_eat_bio_ssl_all,11,Mammalia,Megaptera novaeangliae,8,24.029320020077122,3.41260663152393
sl_eat_bio_ssl_all,11,Mammalia,Orcinus orca,18,23.491904297894482,3.6859405602010793
sl_eat_bio_ssl_all,11,Mammalia,Lagenorhynchus acutus,6,23.190487886565464,3.6228973865245595
sl_eat_bio_ssl_all,11,Mammalia,Stenella coeruleoalba,5,21.20917930725362,3.8546529296994403
sl_eat_bio_ssl_all,12,Aves,Parus major,6,168.17122764575643,10.382525549312621
sl_eat_bio_ssl_all,12,Aves,Fringilla coelebs,14,175.12942659064498,10.404754412360822
sl_eat_bio_ssl_all,12,Aves,Erithacus rubecula,6,178.66573045011444,11.277065347784143
sl_eat_bio_ssl_all,12,Aves,Turdus merula,10,182.40537155241773,11.183568865378453
sl_eat_bio_ssl_all,12,Aves,Anthus trivialis,5,163.56671806108295,11.66570942305906
sl_eat_bio_ssl_all,12,Mammalia,Globicephala macrorhynchus,7,225.14551551898234,9.850093532850254
sl_eat_bio_ssl_all,12,Mammalia,Delphinus delphis,8,231.15380671646443,10.772678062356881
sl_eat_bio_ssl_all,12,Mammalia,Balaenoptera physalus,8,203.89040369648717,11.911368396067527
sl_eat_bio_ssl_all,12,Mammalia,Megaptera novaeangliae,8,228.70255300503922,11.619886106941054
sl_eat_bio_ssl_all,12,Mammalia,Orcinus orca,18,239.30863251962163,9.702929741428846
sl_eat_bio_ssl_all,12,Mammalia,Lagenorhynchus acutus,6,216.7636750399808,10.988599157184355
sl_eat_bio_ssl_all,12,Mammalia,Stenella coeruleoalba,5,209.15069740318242,10.952501619359158
random_init_eat_seed42,0,Aves,Parus major,6,689.8450838735029,8.838226531630811
random_init_eat_seed42,0,Aves,Fringilla coelebs,14,674.63202494547,9.66026852779249
random_init_eat_seed42,0,Aves,Erithacus rubecula,6,635.2940203890317,11.517808149241988
random_init_eat_seed42,0,Aves,Turdus merula,10,629.8578051597094,11.751647484196651
random_init_eat_seed42,0,Aves,Anthus trivialis,5,579.7670122609577,13.718794186747786
random_init_eat_seed42,0,Mammalia,Globicephala macrorhynchus,7,711.0257084136205,7.543626663830904
random_init_eat_seed42,0,Mammalia,Delphinus delphis,8,693.4657814844954,8.629851637100193
random_init_eat_seed42,0,Mammalia,Balaenoptera physalus,8,312.392008059823,21.344350006420296
random_init_eat_seed42,0,Mammalia,Megaptera novaeangliae,8,714.0006864209842,7.34562699606779
random_init_eat_seed42,0,Mammalia,Orcinus orca,18,505.44922910574985,16.201545712408493
random_init_eat_seed42,0,Mammalia,Lagenorhynchus acutus,6,689.8573943871819,8.836359886829571
random_init_eat_seed42,0,Mammalia,Stenella coeruleoalba,5,705.449159234971,7.905040576572872
random_init_eat_seed42,1,Aves,Parus major,6,682.1416580220932,9.265890380495494
random_init_eat_seed42,1,Aves,Fringilla coelebs,14,677.8218685479399,9.496189989216328
random_init_eat_seed42,1,Aves,Erithacus rubecula,6,632.3480600824636,11.64692455869858
random_init_eat_seed42,1,Aves,Turdus merula,10,587.833783273728,13.422541354283124
random_init_eat_seed42,1,Aves,Anthus trivialis,5,571.7030738344316,14.010511876726978
random_init_eat_seed42,1,Mammalia,Globicephala macrorhynchus,7,657.8543182160594,10.49499584284124
random_init_eat_seed42,1,Mammalia,Delphinus delphis,8,651.5275538608428,10.792190451226823
random_init_eat_seed42,1,Mammalia,Balaenoptera physalus,8,292.44405859035606,21.807215159731648
random_init_eat_seed42,1,Mammalia,Megaptera novaeangliae,8,678.5636207961861,9.45710516710187
random_init_eat_seed42,1,Mammalia,Orcinus orca,18,494.0075126603219,16.552693773988977
random_init_eat_seed42,1,Mammalia,Lagenorhynchus acutus,6,636.0865781788455,11.485317657408922
random_init_eat_seed42,1,Mammalia,Stenella coeruleoalba,5,655.2217984847244,10.61963766375344
random_init_eat_seed42,2,Aves,Parus major,6,686.1627788906391,9.046312088169582
random_init_eat_seed42,2,Aves,Fringilla coelebs,14,655.3538224442082,10.613406638330057
random_init_eat_seed42,2,Aves,Erithacus rubecula,6,618.6878407593981,12.219413873605768
random_init_eat_seed42,2,Aves,Turdus merula,10,574.6341414911237,13.905620470029417
random_init_eat_seed42,2,Aves,Anthus trivialis,5,572.154728679297,13.994478447518555
random_init_eat_seed42,2,Mammalia,Globicephala macrorhynchus,7,603.7449219593987,12.81616189202093
random_init_eat_seed42,2,Mammalia,Delphinus delphis,8,614.7048757277652,12.381195945607807
random_init_eat_seed42,2,Mammalia,Balaenoptera physalus,8,314.633697543516,21.292378726516418
random_init_eat_seed42,2,Mammalia,Megaptera novaeangliae,8,639.2052609753432,11.348784834795177
random_init_eat_seed42,2,Mammalia,Orcinus orca,18,467.25331318588576,17.342050735910966
random_init_eat_seed42,2,Mammalia,Lagenorhynchus acutus,6,592.1261258377336,13.261633495731475
random_init_eat_seed42,2,Mammalia,Stenella coeruleoalba,5,605.3512494435971,12.753287479012311
random_init_eat_seed42,3,Aves,Parus major,6,668.4966689855619,9.974960172510794
random_init_eat_seed42,3,Aves,Fringilla coelebs,14,652.5917666572452,10.742800559892741
random_init_eat_seed42,3,Aves,Erithacus rubecula,6,617.7409652502082,12.257998573312497
random_init_eat_seed42,3,Aves,Turdus merula,10,569.3478927327448,14.09442533323616
random_init_eat_seed42,3,Aves,Anthus trivialis,5,483.8467552928154,16.856881674207873
random_init_eat_seed42,3,Mammalia,Globicephala macrorhynchus,7,557.8507685824778,14.496414210027085
random_init_eat_seed42,3,Mammalia,Delphinus delphis,8,569.7480697304934,14.080169252952015
random_init_eat_seed42,3,Mammalia,Balaenoptera physalus,8,307.2292746049223,21.465573336344608
random_init_eat_seed42,3,Mammalia,Megaptera novaeangliae,8,608.6511978070065,12.623306154647612
random_init_eat_seed42,3,Mammalia,Orcinus orca,18,432.9985396470938,18.303061416333506
random_init_eat_seed42,3,Mammalia,Lagenorhynchus acutus,6,549.8607345204425,14.769543460132931
random_init_eat_seed42,3,Mammalia,Stenella coeruleoalba,5,555.1095290259997,14.590630070328015
random_init_eat_seed42,4,Aves,Parus major,6,675.9561078781767,9.593949884017261
random_init_eat_seed42,4,Aves,Fringilla coelebs,14,622.4020158524553,12.066338501076432
random_init_eat_seed42,4,Aves,Erithacus rubecula,6,601.8333612151654,12.890538850153698
random_init_eat_seed42,4,Aves,Turdus merula,10,559.4422096075232,14.441504764281301
random_init_eat_seed42,4,Aves,Anthus trivialis,5,519.2664498419442,15.771319520598855
random_init_eat_seed42,4,Mammalia,Globicephala macrorhynchus,7,502.47164011464315,16.295000851834093
random_init_eat_seed42,4,Mammalia,Delphinus delphis,8,519.9240904365843,15.750430582400261
random_init_eat_seed42,4,Mammalia,Balaenoptera physalus,8,306.42821436457285,21.484170288445732
random_init_eat_seed42,4,Mammalia,Megaptera novaeangliae,8,566.9886073816865,14.177839861585161
random_init_eat_seed42,4,Mammalia,Orcinus orca,18,423.7990717582074,18.55266977669671
random_init_eat_seed42,4,Mammalia,Lagenorhynchus acutus,6,497.35211956685885,16.451247049768547
random_init_eat_seed42,4,Mammalia,Stenella coeruleoalba,5,513.752554953518,15.945160345326162
random_init_eat_seed42,5,Aves,Parus major,6,641.8763055280991,11.230429681647019
random_init_eat_seed42,5,Aves,Fringilla coelebs,14,622.814094740783,12.049342125180743
random_init_eat_seed42,5,Aves,Erithacus rubecula,6,573.560301983365,13.9442333791742
random_init_eat_seed42,5,Aves,Turdus merula,10,552.4395576703425,14.681933306118381
random_init_eat_seed42,5,Aves,Anthus trivialis,5,507.58435377802215,16.137345581481398
random_init_eat_seed42,5,Mammalia,Globicephala macrorhynchus,7,465.56125386212335,17.390759743716522
random_init_eat_seed42,5,Mammalia,Delphinus delphis,8,481.7774324495094,16.918134591731924
random_init_eat_seed42,5,Mammalia,Balaenoptera physalus,8,322.85518801662124,21.098462171329803
random_init_eat_seed42,5,Mammalia,Megaptera novaeangliae,8,526.7687522088435,15.531599070653126
random_init_eat_seed42,5,Mammalia,Orcinus orca,18,406.8407711480748,19.00415353112777
random_init_eat_seed42,5,Mammalia,Lagenorhynchus acutus,6,449.7465232312984,17.83966263772689
random_init_eat_seed42,5,Mammalia,Stenella coeruleoalba,5,470.8656577433201,17.237544019284634
random_init_eat_seed42,6,Aves,Parus major,6,639.5779383884706,11.332288215307457
random_init_eat_seed42,6,Aves,Fringilla coelebs,14,602.7208126940424,12.856057364974946
random_init_eat_seed42,6,Aves,Erithacus rubecula,6,583.4016161297741,13.586730691179417
random_init_eat_seed42,6,Aves,Turdus merula,10,532.9285293635573,15.331992304955804
random_init_eat_seed42,6,Aves,Anthus trivialis,5,452.43069157524116,17.764227141204284
random_init_eat_seed42,6,Mammalia,Globicephala macrorhynchus,7,425.57824554548705,18.504628532782824
random_init_eat_seed42,6,Mammalia,Delphinus delphis,8,446.195042820128,17.93887322327976
random_init_eat_seed42,6,Mammalia,Balaenoptera physalus,8,346.240541090498,20.5367416349068
random_init_eat_seed42,6,Mammalia,Megaptera novaeangliae,8,507.6887796328937,16.134108827838944
random_init_eat_seed42,6,Mammalia,Orcinus orca,18,378.61623487913204,19.732824105766568
random_init_eat_seed42,6,Mammalia,Lagenorhynchus acutus,6,416.5744159276227,18.746320298311822
random_init_eat_seed42,6,Mammalia,Stenella coeruleoalba,5,434.7687956744451,18.254626332361084
random_init_eat_seed42,7,Aves,Parus major,6,646.3881627543577,11.027755096546414
random_init_eat_seed42,7,Aves,Fringilla coelebs,14,601.861211185354,12.889469976407769
random_init_eat_seed42,7,Aves,Erithacus rubecula,6,566.0760715960879,14.209981885893795
random_init_eat_seed42,7,Aves,Turdus merula,10,520.9854539596347,15.716663684962707
random_init_eat_seed42,7,Aves,Anthus trivialis,5,451.85196970147217,17.78055217961389
random_init_eat_seed42,7,Mammalia,Globicephala macrorhynchus,7,381.7511922565234,19.653176269739255
random_init_eat_seed42,7,Mammalia,Delphinus delphis,8,405.3299798299947,19.04386887235938
random_init_eat_seed42,7,Mammalia,Balaenoptera physalus,8,327.655827774336,20.984400958187408
random_init_eat_seed42,7,Mammalia,Megaptera novaeangliae,8,471.5147167376238,17.218711756330368
random_init_eat_seed42,7,Mammalia,Orcinus orca,18,357.67555571004397,20.25645963843057
random_init_eat_seed42,7,Mammalia,Lagenorhynchus acutus,6,376.4820963424683,19.786803095598977
random_init_eat_seed42,7,Mammalia,Stenella coeruleoalba,5,396.4114170011807,19.27658075123522
random_init_eat_seed42,8,Aves,Parus major,6,613.5505746197551,12.427782106974874
random_init_eat_seed42,8,Aves,Fringilla coelebs,14,568.9574359974823,14.108171633557435
random_init_eat_seed42,8,Aves,Erithacus rubecula,6,532.5122488091914,15.34562279572987
random_init_eat_seed42,8,Aves,Turdus merula,10,513.7837007150032,15.944117044475849
random_init_eat_seed42,8,Aves,Anthus trivialis,5,443.1155885636453,18.024575450336467
random_init_eat_seed42,8,Mammalia,Globicephala macrorhynchus,7,338.79629226097677,20.717254290015525
random_init_eat_seed42,8,Mammalia,Delphinus delphis,8,370.3649489546666,19.940789049679662
random_init_eat_seed42,8,Mammalia,Balaenoptera physalus,8,335.4831520402311,20.797031868170304
random_init_eat_seed42,8,Mammalia,Megaptera novaeangliae,8,438.1371776291565,18.162105963216863
random_init_eat_seed42,8,Mammalia,Orcinus orca,18,332.9932652471194,20.8568059946235
random_init_eat_seed42,8,Mammalia,Lagenorhynchus acutus,6,336.34861910100415,20.77618845226516
random_init_eat_seed42,8,Mammalia,Stenella coeruleoalba,5,356.97470108499135,20.273705144324623
random_init_eat_seed42,9,Aves,Parus major,6,613.6197632671508,12.42494104562854
random_init_eat_seed42,9,Aves,Fringilla coelebs,14,567.6273389630643,14.155285542178012
random_init_eat_seed42,9,Aves,Erithacus rubecula,6,541.5934046540486,15.046763249206599
random_init_eat_seed42,9,Aves,Turdus merula,10,494.67466078637193,16.532514894341677
random_init_eat_seed42,9,Aves,Anthus trivialis,5,445.92803310129904,17.946328513150707
random_init_eat_seed42,9,Mammalia,Globicephala macrorhynchus,7,310.3193443948613,21.393433763914953
random_init_eat_seed42,9,Mammalia,Delphinus delphis,8,342.7824091051987,20.620775761449167
random_init_eat_seed42,9,Mammalia,Balaenoptera physalus,8,345.2999797050776,20.559649749922116
random_init_eat_seed42,9,Mammalia,Megaptera novaeangliae,8,410.44111673516653,18.909234622531528
random_init_eat_seed42,9,Mammalia,Orcinus orca,18,315.8098369897994,21.264741602234295
random_init_eat_seed42,9,Mammalia,Lagenorhynchus acutus,6,309.7658265359391,21.40645467740481
random_init_eat_seed42,9,Mammalia,Stenella coeruleoalba,5,327.74933597729756,20.982124370806673
random_init_eat_seed42,10,Aves,Parus major,6,601.6903145989572,12.89608556620844
random_init_eat_seed42,10,Aves,Fringilla coelebs,14,561.4142104291659,14.373079684661056
random_init_eat_seed42,10,Aves,Erithacus rubecula,6,532.799625098957,15.3362780595669
random_init_eat_seed42,10,Aves,Turdus merula,10,478.2605512304793,17.021740044433262
random_init_eat_seed42,10,Aves,Anthus trivialis,5,392.9093538267944,19.367263039702543
random_init_eat_seed42,10,Mammalia,Globicephala macrorhynchus,7,285.6864581986708,21.961625916609613
random_init_eat_seed42,10,Mammalia,Delphinus delphis,8,313.12442349514635,21.32777597351627
random_init_eat_seed42,10,Mammalia,Balaenoptera physalus,8,350.36757615937864,20.436060527176696
random_init_eat_seed42,10,Mammalia,Megaptera novaeangliae,8,384.3674995155884,19.58653218382585
random_init_eat_seed42,10,Mammalia,Orcinus orca,18,302.76314619848625,21.569339798307457
random_init_eat_seed42,10,Mammalia,Lagenorhynchus acutus,6,276.9547209207857,22.159596236153114
random_init_eat_seed42,10,Mammalia,Stenella coeruleoalba,5,298.1950424807934,21.675009825820837
random_init_eat_seed42,11,Aves,Parus major,6,593.5633399773156,13.207463099450326
random_init_eat_seed42,11,Aves,Fringilla coelebs,14,538.9736091706154,15.133620547079133
random_init_eat_seed42,11,Aves,Erithacus rubecula,6,499.74647522577357,16.378450173051807
random_init_eat_seed42,11,Aves,Turdus merula,10,467.65821367010017,17.330340822462972
random_init_eat_seed42,11,Aves,Anthus trivialis,5,382.53305963490834,19.633318079952318
random_init_eat_seed42,11,Mammalia,Globicephala macrorhynchus,7,252.13535757483123,22.712650120559655
random_init_eat_seed42,11,Mammalia,Delphinus delphis,8,277.3731726804053,22.150090316661565
random_init_eat_seed42,11,Mammalia,Balaenoptera physalus,8,346.93315330575365,20.519886397719088
random_init_eat_seed42,11,Mammalia,Megaptera novaeangliae,8,350.31135376778445,20.43742045641833
random_init_eat_seed42,11,Mammalia,Orcinus orca,18,286.67043841542454,21.939219258955262
random_init_eat_seed42,11,Mammalia,Lagenorhynchus acutus,6,244.54957409145203,22.879006491627464
random_init_eat_seed42,11,Mammalia,Stenella coeruleoalba,5,264.4849846772896,22.439151682514172
random_init_eat_seed42,12,Aves,Parus major,6,573.2341431756797,13.95583439512019
random_init_eat_seed42,12,Aves,Fringilla coelebs,14,527.8096490739781,15.498075299913818
random_init_eat_seed42,12,Aves,Erithacus rubecula,6,512.9286800127599,15.970847562433859
random_init_eat_seed42,12,Aves,Turdus merula,10,457.52949622532736,17.620162240482518
random_init_eat_seed42,12,Aves,Anthus trivialis,5,366.87513979492854,20.028063259971848
random_init_eat_seed42,12,Mammalia,Globicephala macrorhynchus,7,227.42706143445153,23.250206458234526
random_init_eat_seed42,12,Mammalia,Delphinus delphis,8,253.28727237555688,22.687265987913115
random_init_eat_seed42,12,Mammalia,Balaenoptera physalus,8,356.0276985460869,20.29707968273835
random_init_eat_seed42,12,Mammalia,Megaptera novaeangliae,8,327.5021128586221,20.988010294222576
random_init_eat_seed42,12,Mammalia,Orcinus orca,18,272.3490694388314,22.263228240672476
random_init_eat_seed42,12,Mammalia,Lagenorhynchus acutus,6,222.8326865861308,23.3488045486729
random_init_eat_seed42,12,Mammalia,Stenella coeruleoalba,5,241.62560367222557,22.942879731172056
