model,layer_idx,level,group_a,group_b,k,mean_cos_principal_angles
eat_all,0,class,Aves,Mammalia,10,0.8143322070128487
eat_all,0,order,Passeriformes,other-Aves,10,0.963254195343942
eat_all,1,class,Aves,Mammalia,10,0.7828015581638255
eat_all,1,order,Passeriformes,other-Aves,10,0.9630548276399731
eat_all,2,class,Aves,Mammalia,10,0.7342328682244708
eat_all,2,order,Passeriformes,other-Aves,10,0.8912919895649596
eat_all,3,class,Aves,Mammalia,10,0.7460661172541043
eat_all,3,order,Passeriformes,other-Aves,10,0.9311592987708798
eat_all,4,class,Aves,Mammalia,10,0.6903680757004833
eat_all,4,order,Passeriformes,other-Aves,10,0.8677936077749819
eat_all,5,class,Aves,Mammalia,10,0.6521586777555063
eat_all,5,order,Passeriformes,other-Aves,10,0.9454999781780173
eat_all,6,class,Aves,Mammalia,10,0.5435788940433706
eat_all,6,order,Passeriformes,other-Aves,10,0.9043867446811167
eat_all,7,class,Aves,Mammalia,10,0.525364291509472
eat_all,7,order,Passeriformes,other-Aves,10,0.8714851486446162
eat_all,8,class,Aves,Mammalia,10,0.6099528668193068
eat_all,8,order,Passeriformes,other-Aves,10,0.9287094796402803
eat_all,9,class,Aves,Mammalia,10,0.5821267830911391
eat_all,9,order,Passeriformes,other-Aves,10,0.8626352060299348
eat_all,10,class,Aves,Mammalia,10,0.6255999401384896
eat_all,10,order,Passeriformes,other-Aves,10,0.9069472790552318
eat_all,11,class,Aves,Mammalia,10,0.6417449837052398
eat_all,11,order,Passeriformes,other-Aves,10,0.8949914576137242
eat_all,12,class,Aves,Mammalia,10,0.7711345563357596
eat_all,12,order,Passeriformes,other-Aves,10,0.8682106782739453
eat_bio,0,class,Aves,Mammalia,10,0.8862281712111109
eat_bio,0,order,Passeriformes,other-Aves,10,0.9749517606831196
eat_bio,1,class,Aves,Mammalia,10,0.8767781189076299
eat_bio,1,order,Passeriformes,other-Aves,10,0.96155310504935
eat_bio,2,class,Aves,Mammalia,10,0.7448882833254891
eat_bio,2,order,Passeriformes,other-Aves,10,0.9406228771682402
eat_bio,3,class,Aves,Mammalia,10,0.7053756553400421
eat_bio,3,order,Passeriformes,other-Aves,10,0.9453986498049567
eat_bio,4,class,Aves,Mammalia,10,0.664025686550063
eat_bio,4,order,Passeriformes,other-Aves,10,0.8855046492849897
eat_bio,5,class,Aves,Mammalia,10,0.7231319549472135
eat_bio,5,order,Passeriformes,other-Aves,10,0.9454014148482118
eat_bio,6,class,Aves,Mammalia,10,0.6050093812338261
eat_bio,6,order,Passeriformes,other-Aves,10,0.8530198054997303
eat_bio,7,class,Aves,Mammalia,10,0.6040566591890846
eat_bio,7,order,Passeriformes,other-Aves,10,0.8441370410688984
eat_bio,8,class,Aves,Mammalia,10,0.6427803339808825
eat_bio,8,order,Passeriformes,other-Aves,10,0.9015463915714335
eat_bio,9,class,Aves,Mammalia,10,0.6219364093235029
eat_bio,9,order,Passeriformes,other-Aves,10,0.8962581452061299
eat_bio,10,class,Aves,Mammalia,10,0.6386068344473228
eat_bio,10,order,Passeriformes,other-Aves,10,0.916980503406972
eat_bio,11,class,Aves,Mammalia,10,0.6363546766447868
eat_bio,11,order,Passeriformes,other-Aves,10,0.9003200727729783
eat_bio,12,class,Aves,Mammalia,10,0.564663678451389
eat_bio,12,order,Passeriformes,other-Aves,10,0.7945978234683206
sl_eat_all_ssl_all,0,class,Aves,Mammalia,10,0.8963883100361129
sl_eat_all_ssl_all,0,order,Passeriformes,other-Aves,10,0.953704420966341
sl_eat_all_ssl_all,1,class,Aves,Mammalia,10,0.7499187121840902
sl_eat_all_ssl_all,1,order,Passeriformes,other-Aves,10,0.980680250023581
sl_eat_all_ssl_all,2,class,Aves,Mammalia,10,0.7283500874717025
sl_eat_all_ssl_all,2,order,Passeriformes,other-Aves,10,0.9353586335366793
sl_eat_all_ssl_all,3,class,Aves,Mammalia,10,0.7056618057136756
sl_eat_all_ssl_all,3,order,Passeriformes,other-Aves,10,0.8846495163053806
sl_eat_all_ssl_all,4,class,Aves,Mammalia,10,0.6630010330745867
sl_eat_all_ssl_all,4,order,Passeriformes,other-Aves,10,0.8300176200468494
sl_eat_all_ssl_all,5,class,Aves,Mammalia,10,0.6199409010249155
sl_eat_all_ssl_all,5,order,Passeriformes,other-Aves,10,0.8614943170168214
sl_eat_all_ssl_all,6,class,Aves,Mammalia,10,0.5844547099537624
sl_eat_all_ssl_all,6,order,Passeriformes,other-Aves,10,0.8631660265259745
sl_eat_all_ssl_all,7,class,Aves,Mammalia,10,0.5785977650016993
sl_eat_all_ssl_all,7,order,Passeriformes,other-Aves,10,0.8592353967826188
sl_eat_all_ssl_all,8,class,Aves,Mammalia,10,0.6511017644994548
sl_eat_all_ssl_all,8,order,Passeriformes,other-Aves,10,0.845573582847827
sl_eat_all_ssl_all,9,class,Aves,Mammalia,10,0.48210242023104977
sl_eat_all_ssl_all,9,order,Passeriformes,other-Aves,10,0.8335384732932433
sl_eat_all_ssl_all,10,class,Aves,Mammalia,10,0.5380190345494392
sl_eat_all_ssl_all,10,order,Passeriformes,other-Aves,10,0.80832006661488
sl_eat_all_ssl_all,11,class,Aves,Mammalia,10,0.6044882611502189
sl_eat_all_ssl_all,11,order,Passeriformes,other-Aves,10,0.8694148074871049
sl_eat_all_ssl_all,12,class,Aves,Mammalia,10,0.6720752450274842
sl_eat_all_ssl_all,12,order,Passeriformes,other-Aves,10,0.6958263879761493
sl_eat_bio_ssl_all,0,class,Aves,Mammalia,10,0.8691426862121657
sl_eat_bio_ssl_all,0,order,Passeriformes,other-Aves,10,0.9105582688277349
sl_eat_bio_ssl_all,1,class,Aves,Mammalia,10,0.713940144318119
sl_eat_bio_ssl_all,1,order,Passeriformes,other-Aves,10,0.9585748606947492
sl_eat_bio_ssl_all,2,class,Aves,Mammalia,10,0.7214569131508689
sl_eat_bio_ssl_all,2,order,Passeriformes,other-Aves,10,0.9026737808335984
sl_eat_bio_ssl_all,3,class,Aves,Mammalia,10,0.655097445419622
sl_eat_bio_ssl_all,3,order,Passeriformes,other-Aves,10,0.8755501146254712
sl_eat_bio_ssl_all,4,class,Aves,Mammalia,10,0.6773475723335447
sl_eat_bio_ssl_all,4,order,Passeriformes,other-Aves,10,0.8763039360834881
sl_eat_bio_ssl_all,5,class,Aves,Mammalia,10,0.5944988089176689
sl_eat_bio_ssl_all,5,order,Passeriformes,other-Aves,10,0.819002431453937
sl_eat_bio_ssl_all,6,class,Aves,Mammalia,10,0.4680904076473814
sl_eat_bio_ssl_all,6,order,Passeriformes,other-Aves,10,0.8184326867541809
sl_eat_bio_ssl_all,7,class,Aves,Mammalia,10,0.37896098183341914
sl_eat_bio_ssl_all,7,order,Passeriformes,other-Aves,10,0.7692557565477872
sl_eat_bio_ssl_all,8,class,Aves,Mammalia,10,0.4476105769394533
sl_eat_bio_ssl_all,8,order,Passeriformes,other-Aves,10,0.8205721201000207
sl_eat_bio_ssl_all,9,class,Aves,Mammalia,10,0.39800790555757776
sl_eat_bio_ssl_all,9,order,Passeriformes,other-Aves,10,0.7286478729690312
sl_eat_bio_ssl_all,10,class,Aves,Mammalia,10,0.49954261036841824
sl_eat_bio_ssl_all,10,order,Passeriformes,other-Aves,10,0.7664001229341025
sl_eat_bio_ssl_all,11,class,Aves,Mammalia,10,0.5761199004755093
sl_eat_bio_ssl_all,11,order,Passeriformes,other-Aves,10,0.7935049777306339
sl_eat_bio_ssl_all,12,class,Aves,Mammalia,10,0.6238494053005739
sl_eat_bio_ssl_all,12,order,Passeriformes,other-Aves,10,0.741769165511403
random_init_eat_seed42,0,class,Aves,Mammalia,10,0.8673690013622093
random_init_eat_seed42,0,order,Passeriformes,other-Aves,10,0.9882264098745382
random_init_eat_seed42,1,class,Aves,Mammalia,10,0.9096066633344824
random_init_eat_seed42,1,order,Passeriformes,other-Aves,10,0.983548775161146
random_init_eat_seed42,2,class,Aves,Mammalia,10,0.9066595169015785
random_init_eat_seed42,2,order,Passeriformes,other-Aves,10,0.9814870932948251
random_init_eat_seed42,3,class,Aves,Mammalia,10,0.9146905669688534
random_init_eat_seed42,3,order,Passeriformes,other-Aves,10,0.9686471821159219
random_init_eat_seed42,4,class,Aves,Mammalia,10,0.912314721457237
random_init_eat_seed42,4,order,Passeriformes,other-Aves,10,0.9826937972019534
random_init_eat_seed42,5,class,Aves,Mammalia,10,0.9105647099669684
random_init_eat_seed42,5,order,Passeriformes,other-Aves,10,0.9601471145658934
random_init_eat_seed42,6,class,Aves,Mammalia,10,0.8978527269379434
random_init_eat_seed42,6,order,Passeriformes,other-Aves,10,0.981236060937199
random_init_eat_seed42,7,class,Aves,Mammalia,10,0.8978189706362757
random_init_eat_seed42,7,order,Passeriformes,other-Aves,10,0.9716676113310114
random_init_eat_seed42,8,class,Aves,Mammalia,10,0.9070322603181445
random_init_eat_seed42,8,order,Passeriformes,other-Aves,10,0.9539447537313028
random_init_eat_seed42,9,class,Aves,Mammalia,10,0.907154675118386
random_init_eat_seed42,9,order,Passeriformes,other-Aves,10,0.975639505690113
random_init_eat_seed42,10,class,Aves,Mammalia,10,0.8966647374609205
random_init_eat_seed42,10,order,Passeriformes,other-Aves,10,0.9843104664183944
random_init_eat_seed42,11,class,Aves,Mammalia,10,0.9278378672862994
random_init_eat_seed42,11,order,Passeriformes,other-Aves,10,0.976224578933748
random_init_eat_seed42,12,class,Aves,Mammalia,10,0.9141887782611301
random_init_eat_seed42,12,order,Passeriformes,other-Aves,10,0.9735070893101728
