model,layer_idx,class,n_species,between_var,mean_within_var,separability_ratio
eat_all,0,Aves,13,0.003357506719361643,0.33476929732480937,0.00992972659725325
eat_all,0,Mammalia,15,0.011878467372434417,0.33114930266598525,0.0346282966277162
eat_all,1,Aves,13,0.1703761311757418,24.80312704929541,0.006822275991658751
eat_all,1,Mammalia,15,0.49010215952719244,23.76754957653143,0.02020402324428886
eat_all,2,Aves,13,0.32772059100664774,25.509956854010117,0.012683825460088102
eat_all,2,Mammalia,15,0.889946669775648,24.676893051677975,0.034808630220686865
eat_all,3,Aves,13,0.43793751839596234,26.50824847259681,0.01625230073533785
eat_all,3,Mammalia,15,1.2061997588459168,25.066156859776658,0.04591136517958686
eat_all,4,Aves,13,0.8855457615590367,48.92312104650711,0.017778949293531965
eat_all,4,Mammalia,15,2.596680363895048,46.15407117638892,0.053264417098254295
eat_all,5,Aves,13,1.4488314081653249,57.824735989795535,0.02444312822337681
eat_all,5,Mammalia,15,3.8288610448316613,54.46328907579729,0.06568399067298547
eat_all,6,Aves,13,1.4734135476151204,48.55160180300384,0.02945353514213144
eat_all,6,Mammalia,15,4.500264358005546,45.15721811471967,0.09062610776688797
eat_all,7,Aves,13,2.0439988029801412,64.88861133609468,0.03053816067732981
eat_all,7,Mammalia,15,6.062533403758836,62.71628889853486,0.08814535057191081
eat_all,8,Aves,13,1.3688018814023484,58.42518905348666,0.0228919638913694
eat_all,8,Mammalia,15,4.408288015682013,57.38871684922354,0.0713349785368882
eat_all,9,Aves,13,0.9935792619822694,40.40075392889749,0.02400278456958405
eat_all,9,Mammalia,15,3.2244826341624337,39.026922885700614,0.0763165767975826
eat_all,10,Aves,13,0.6172301269217905,25.708175551364434,0.023446177220011296
eat_all,10,Mammalia,15,1.9028137567210583,24.307166272747008,0.07259882512621953
eat_all,11,Aves,13,0.5204907702292888,33.449794958734756,0.015321942664306277
eat_all,11,Mammalia,15,2.168759937043544,31.22659619890448,0.06494196163726515
eat_all,12,Aves,13,0.18295558528137879,17.880686982686473,0.010128388257959267
eat_all,12,Mammalia,15,0.7349670304389279,15.810253627060243,0.04442171220640698
eat_bio,0,Aves,13,0.004077534645848726,0.2427438117780278,0.016520186381473692
eat_bio,0,Mammalia,15,0.016108369136105142,0.24015588233874358,0.06285843243214168
eat_bio,1,Aves,13,0.06429678465845177,5.338202321356296,0.01190130408108137
eat_bio,1,Mammalia,15,0.21241025547087167,4.867613281937593,0.041812848682041964
eat_bio,2,Aves,13,0.22981865340051932,22.774297185797742,0.009990327600807671
eat_bio,2,Mammalia,15,0.6876305625890106,21.42623335753605,0.03109499837173285
eat_bio,3,Aves,13,0.29726351865941014,21.84176857112681,0.013427123527977172
eat_bio,3,Mammalia,15,0.7925692806219833,20.53758699966661,0.037157218644216145
eat_bio,4,Aves,13,0.44216233621870615,26.49966407903029,0.016411743190819592
eat_bio,4,Mammalia,15,1.349109046907671,24.732976978397403,0.051725504071980795
eat_bio,5,Aves,13,0.7308213665882105,35.11312168442251,0.020388978008032042
eat_bio,5,Mammalia,15,1.9851272321550844,32.98353823772867,0.05676874440246356
eat_bio,6,Aves,13,0.7918165530740006,31.650995334692276,0.024406532818833232
eat_bio,6,Mammalia,15,2.007446748359091,30.45355310406984,0.06184180270124617
eat_bio,7,Aves,13,1.0289809725195225,37.315023226979825,0.02683551167911039
eat_bio,7,Mammalia,15,2.72809431859495,35.26726335300989,0.07180072739869858
eat_bio,8,Aves,13,0.7135290226603838,30.93645286295845,0.02254437380846016
eat_bio,8,Mammalia,15,2.0526443226555555,29.116955726620724,0.06585404751458193
eat_bio,9,Aves,13,0.5013310962083043,22.419011465375505,0.02187275756727006
eat_bio,9,Mammalia,15,1.4699667123105982,21.06141231896918,0.06524086742626266
eat_bio,10,Aves,13,0.3966312339377642,17.43724214580374,0.022240330268819775
eat_bio,10,Mammalia,15,1.205667038785426,15.756829344942842,0.07107839621660846
eat_bio,11,Aves,13,0.3021819515889875,16.952390558054663,0.01751315203086583
eat_bio,11,Mammalia,15,1.0145618113467658,15.340171585197984,0.06203475084229202
eat_bio,12,Aves,13,0.20066527066689427,12.429045401187407,0.01588835056325423
eat_bio,12,Mammalia,15,0.5759166487593821,11.8616637452553,0.046304556876394516
sl_eat_all_ssl_all,0,Aves,13,0.014501873514547766,0.9527976839393517,0.014992122556862547
sl_eat_all_ssl_all,0,Mammalia,15,0.05531729212736626,1.0136078500018462,0.051750389196738966
sl_eat_all_ssl_all,1,Aves,13,0.2637489033671133,27.754893380453076,0.009413336331411724
sl_eat_all_ssl_all,1,Mammalia,15,0.7843170660991293,26.617037973623052,0.028623294905020195
sl_eat_all_ssl_all,2,Aves,13,0.3905069827618512,33.23664151210391,0.011612848553646301
sl_eat_all_ssl_all,2,Mammalia,15,1.0916554039244741,31.98304948639983,0.033005748881037716
sl_eat_all_ssl_all,3,Aves,13,0.48350069654115685,32.26572891910841,0.014763727336966452
sl_eat_all_ssl_all,3,Mammalia,15,1.3368635602692676,30.347543516340483,0.04219310643992372
sl_eat_all_ssl_all,4,Aves,13,1.2157177805303692,63.87900946710432,0.018676132951683026
sl_eat_all_ssl_all,4,Mammalia,15,3.303388684984484,57.81221307716192,0.05405147932341111
sl_eat_all_ssl_all,5,Aves,13,1.5673276697298053,66.67892393298634,0.02296576929753937
sl_eat_all_ssl_all,5,Mammalia,15,3.9194899415501263,58.011764020697555,0.0632877536104692
sl_eat_all_ssl_all,6,Aves,13,1.598167762586506,58.353002555892246,0.026657824260920268
sl_eat_all_ssl_all,6,Mammalia,15,4.071403303916447,51.395826058517876,0.07340195915164713
sl_eat_all_ssl_all,7,Aves,13,2.3305851556444157,65.67463558130213,0.03427067996234343
sl_eat_all_ssl_all,7,Mammalia,15,5.640579216920158,58.280927545639955,0.08824227560643078
sl_eat_all_ssl_all,8,Aves,13,1.8482590232373066,63.948449753602105,0.028090447950914803
sl_eat_all_ssl_all,8,Mammalia,15,4.522325093704544,57.926898425880125,0.07241603400058769
sl_eat_all_ssl_all,9,Aves,13,1.1555829845128622,38.91308576555687,0.028840064333578618
sl_eat_all_ssl_all,9,Mammalia,15,3.288641434073084,35.976216606953244,0.08375533742250921
sl_eat_all_ssl_all,10,Aves,13,0.6128625239692239,23.013235797933586,0.02594006490699582
sl_eat_all_ssl_all,10,Mammalia,15,1.8440783257675306,22.01441877766576,0.07729230880607998
sl_eat_all_ssl_all,11,Aves,13,0.21924488905579662,10.99163609058643,0.01955643713049154
sl_eat_all_ssl_all,11,Mammalia,15,0.7994682427256271,8.983465278653082,0.08172070687984784
sl_eat_all_ssl_all,12,Aves,13,2.416274132673858,124.42924518564034,0.019048951398987192
sl_eat_all_ssl_all,12,Mammalia,15,8.852629113244166,108.44961473607765,0.07546854026608076
sl_eat_bio_ssl_all,0,Aves,13,0.005477535920863483,0.37320738974249973,0.014464626262236824
sl_eat_bio_ssl_all,0,Mammalia,15,0.020704024382158705,0.377206251047343,0.05203189176205847
sl_eat_bio_ssl_all,1,Aves,13,0.20812293339650828,25.427612523852638,0.008118469382069407
sl_eat_bio_ssl_all,1,Mammalia,15,0.6507644718203873,23.611367646287142,0.026822229334688315
sl_eat_bio_ssl_all,2,Aves,13,0.3842925210692098,30.0792345027171,0.01261484006002159
sl_eat_bio_ssl_all,2,Mammalia,15,1.0529953563330723,28.993592618422614,0.03504542203653107
sl_eat_bio_ssl_all,3,Aves,13,0.5310391143021328,31.631546214272188,0.01651108295172838
sl_eat_bio_ssl_all,3,Mammalia,15,1.309141050220356,29.824697005958118,0.04204881672019099
sl_eat_bio_ssl_all,4,Aves,13,1.2498265676853015,58.719573153915455,0.020841071838094763
sl_eat_bio_ssl_all,4,Mammalia,15,3.0872393216988576,55.04464131890687,0.05310750809500542
sl_eat_bio_ssl_all,5,Aves,13,1.969800354829085,65.7802028287553,0.029074542616499263
sl_eat_bio_ssl_all,5,Mammalia,15,4.446807882446803,61.17251434907137,0.06776674508702743
sl_eat_bio_ssl_all,6,Aves,13,2.2224823705800487,57.07020744830149,0.03748324418016717
sl_eat_bio_ssl_all,6,Mammalia,15,6.471424311231505,50.56847018606148,0.11345435275197831
sl_eat_bio_ssl_all,7,Aves,13,4.162491503483743,77.36568062024081,0.05105586688693178
sl_eat_bio_ssl_all,7,Mammalia,15,11.521316460145737,69.34589170450216,0.14247204425170723
sl_eat_bio_ssl_all,8,Aves,13,3.921663886466286,67.22527510513807,0.05512062700166284
sl_eat_bio_ssl_all,8,Mammalia,15,11.07417487532702,63.126383187427415,0.1492465173369874
sl_eat_bio_ssl_all,9,Aves,13,4.27291466264763,46.6674585406416,0.08388070981725214
sl_eat_bio_ssl_all,9,Mammalia,15,10.773710586330033,42.23448306137611,0.203246136963889
sl_eat_bio_ssl_all,10,Aves,13,2.579688457598432,27.473204692865515,0.08583827336299592
sl_eat_bio_ssl_all,10,Mammalia,15,6.302109235923026,25.234438608211516,0.19983510138999408
sl_eat_bio_ssl_all,11,Aves,13,1.7775362070328433,25.746754355686264,0.06458063661922198
sl_eat_bio_ssl_all,11,Mammalia,15,5.186578105112341,23.63446622797922,0.17995802113101256
sl_eat_bio_ssl_all,12,Aves,13,17.758032853904805,190.1368038204782,0.08541834486114953
sl_eat_bio_ssl_all,12,Mammalia,15,55.83958530278847,212.5031056200706,0.20809057668293549
random_init_eat_seed42,0,Aves,13,22.849181000768283,485.1770552214329,0.04497637990250267
random_init_eat_seed42,0,Mammalia,15,86.91957837826074,620.6950567588339,0.12283462503770964
random_init_eat_seed42,1,Aves,13,28.844211106029665,483.2050090800215,0.05633093454482603
random_init_eat_seed42,1,Mammalia,15,98.46152012708575,583.9894264402435,0.14427633315235167
random_init_eat_seed42,2,Aves,13,30.45509778380047,478.86478116574887,0.05979561969309507
random_init_eat_seed42,2,Mammalia,15,104.90519443588202,552.9723611816124,0.1594600599155816
random_init_eat_seed42,3,Aves,13,35.36803279844932,488.9993446713393,0.06744895719697408
random_init_eat_seed42,3,Mammalia,15,114.55120870106535,523.6982150172397,0.1794771831264875
random_init_eat_seed42,4,Aves,13,35.68445261421693,483.195348393366,0.06877209817172172
random_init_eat_seed42,4,Mammalia,15,124.24960504027129,486.70274453980636,0.20337036943334624
random_init_eat_seed42,5,Aves,13,40.04818919296114,473.8625548527849,0.07792829719356135
random_init_eat_seed42,5,Mammalia,15,135.12937279355998,456.0524789407393,0.22857496791747342
random_init_eat_seed42,6,Aves,13,43.253089182973866,471.4324328230189,0.08403789757752356
random_init_eat_seed42,6,Mammalia,15,140.54384965338488,430.744802278914,0.24601197516879816
random_init_eat_seed42,7,Aves,13,45.555131736595676,478.9319099385656,0.08685654385491959
random_init_eat_seed42,7,Mammalia,15,147.8929133579073,403.09464348667797,0.26841425277344844
random_init_eat_seed42,8,Aves,13,47.39403295521416,471.2593822272452,0.09137900487658256
random_init_eat_seed42,8,Mammalia,15,151.64489442872429,374.47500114251767,0.28823257912357364
random_init_eat_seed42,9,Aves,13,50.662092899936674,464.62181748310456,0.09831879451131421
random_init_eat_seed42,9,Mammalia,15,158.5654158182382,350.90590659399805,0.31123521352971417
random_init_eat_seed42,10,Aves,13,52.97532187365971,464.8678620396062,0.10229993078856978
random_init_eat_seed42,10,Mammalia,15,159.82608391181196,331.9137545823587,0.325021630139301
random_init_eat_seed42,11,Aves,13,55.09937382209742,459.28754982282175,0.10711659120660785
random_init_eat_seed42,11,Mammalia,15,167.004172753452,306.08810863670783,0.35300549030882084
random_init_eat_seed42,12,Aves,13,58.32631215224345,461.63544370747053,0.11217423492196209
random_init_eat_seed42,12,Mammalia,15,169.9075398883103,290.8525885823211,0.3687548669896252
