model,layer_idx,metric,n_bootstraps,p05,p50,p95,mean,std
eat_all,5,cos_class_aves_vs_mammalia,30,0.6834733955609696,0.7174332129798491,0.74305966915783,0.7127207737672332,0.017964453275270256
eat_all,5,cos_order_passer_vs_other_aves,30,0.8781890171675842,0.9334699596519513,0.9548565604581254,0.9251527425877303,0.025687830518904414
eat_all,5,abs_cos_veitch_class_vs_passer_subord,30,0.0013507379897699904,0.0746072036638589,0.1768160638101915,0.08064005675253533,0.05818580470958635
eat_all,5,species_separability_ratio,30,0.06853858667124586,0.07269789757232292,0.07791225428216951,0.07347763720326851,0.0035706568077099976
eat_all,5,top1_share,30,0.04292049004372594,0.04407590053796462,0.04463594486400073,0.04390660311073759,0.0005646766544497212
eat_all,5,top10_share,30,0.272720539945731,0.2743634993394264,0.2762987304755163,0.2745308941598099,0.0012624579608010505
eat_all,5,mean_l2_norm,30,8.255216954357776,8.258200179572144,8.260731334125895,8.25816973506802,0.00182730038647644
eat_all,7,cos_class_aves_vs_mammalia,30,0.5445432358180023,0.5740085531008439,0.5973767478872557,0.5725854055489524,0.016601739213016577
eat_all,7,cos_order_passer_vs_other_aves,30,0.8446184351847937,0.8790729788123517,0.9123034599875253,0.8779329309165597,0.023261047292085824
eat_all,7,abs_cos_veitch_class_vs_passer_subord,30,0.007333932654855572,0.05348814944787754,0.1699536091028526,0.06703506585842592,0.05233699580402675
eat_all,7,species_separability_ratio,30,0.08664594380473487,0.09192242532397428,0.09874161915978995,0.09201396214398186,0.003877266523291931
eat_all,7,top1_share,30,0.037658305269517536,0.0384697195719412,0.038962810923832074,0.03841534380573197,0.0004433717000594307
eat_all,7,top10_share,30,0.23278747313353085,0.23547342084548167,0.237618151022308,0.23559354055094348,0.0016465043442561954
eat_all,7,mean_l2_norm,30,9.14473490786352,9.147018139940403,9.150163497574857,9.147200134136012,0.001990160014365487
eat_all,9,cos_class_aves_vs_mammalia,30,0.5934011554227987,0.6314491592314617,0.6741554831815247,0.6308476083280603,0.028258420747925138
eat_all,9,cos_order_passer_vs_other_aves,30,0.8666406039187593,0.9104570416094888,0.9316376413640558,0.9051933989522615,0.023565299387580292
eat_all,9,abs_cos_veitch_class_vs_passer_subord,30,0.014779593994373326,0.07608082609716849,0.17983576623550418,0.08446634699653992,0.04884716474262176
eat_all,9,species_separability_ratio,30,0.07568333819399314,0.08110036518761962,0.08694446926564985,0.08111540126293838,0.0036796277598378536
eat_all,9,top1_share,30,0.047794351691389104,0.04850705975399784,0.04943740723629775,0.04851078087266504,0.0005336739017978968
eat_all,9,top10_share,30,0.28665764942388544,0.28816525614837674,0.2905887526764033,0.2885033840616616,0.0012038293609581338
eat_all,9,mean_l2_norm,30,7.290216623729011,7.294549599003571,7.297457492225434,7.2943177874889935,0.002265081234637716
eat_all,10,cos_class_aves_vs_mammalia,30,0.6116546337986234,0.6277049444009737,0.6862880864489548,0.6391450842451027,0.02671170490546652
eat_all,10,cos_order_passer_vs_other_aves,30,0.8986974702676513,0.9146730785363146,0.9380992631513316,0.9160936977024602,0.01268740705530215
eat_all,10,abs_cos_veitch_class_vs_passer_subord,30,0.01759534998701938,0.08073155162345157,0.1788526984099349,0.08945997263952844,0.06242767496330218
eat_all,10,species_separability_ratio,30,0.07414805033074108,0.08021041478462454,0.0852742645499083,0.0800627306629677,0.003815922571087087
eat_all,10,top1_share,30,0.052534639993296856,0.053315045586499514,0.053847965861249465,0.05320914851836249,0.0004266932719273498
eat_all,10,top10_share,30,0.2928139588484631,0.29552968856435413,0.2971485047109569,0.295324063185185,0.0014053751914459075
eat_all,10,mean_l2_norm,30,5.722584052607179,5.7242236786124305,5.725627806776358,5.724185454229551,0.001100857955368311
eat_all,11,cos_class_aves_vs_mammalia,30,0.6370444855192267,0.6619329645785921,0.6946967992104933,0.663910366364363,0.017458784320672775
eat_all,11,cos_order_passer_vs_other_aves,30,0.8548086393188594,0.8920784463824915,0.9200117049162568,0.8900745826207693,0.022823802526476387
eat_all,11,abs_cos_veitch_class_vs_passer_subord,30,0.033577859490774783,0.1370920165185124,0.3155821594034751,0.16332011162394508,0.10063319998486873
eat_all,11,species_separability_ratio,30,0.06531522244637021,0.0719485232328276,0.07675635688176817,0.07125811504854242,0.0038299802412190683
eat_all,11,top1_share,30,0.056312312867596116,0.057134293560466384,0.0577867407520436,0.05709867872839971,0.0005203015719808631
eat_all,11,top10_share,30,0.27303157876786616,0.2753229646363625,0.2785472319717313,0.27548443957085683,0.0018360321103590795
eat_all,11,mean_l2_norm,30,6.459646778833973,6.461783948519228,6.4630413092689345,6.461639193701829,0.0010718994553590403
eat_all,12,cos_class_aves_vs_mammalia,30,0.7735897457719674,0.8023149073563361,0.8192666796168928,0.7993621461968329,0.015260942653674983
eat_all,12,cos_order_passer_vs_other_aves,30,0.8488947139641942,0.8945226432699916,0.9267598563802725,0.8884270222573427,0.02470369467920053
eat_all,12,abs_cos_veitch_class_vs_passer_subord,30,0.0318932399817497,0.2421241162880095,0.609629607029568,0.2710909357049153,0.1871724084443549
eat_all,12,species_separability_ratio,30,0.04923222242385674,0.05402717046751199,0.06034436701467216,0.05450963119121833,0.0036771894521227914
eat_all,12,top1_share,30,0.2726073416741384,0.27639049726487586,0.27902748261676896,0.2756988251153204,0.002172066335197917
eat_all,12,top10_share,30,0.5603528614361967,0.5621218924942245,0.5659958943504627,0.5627134824901723,0.001911132154232782
eat_all,12,mean_l2_norm,30,6.37831266412804,6.402197855559101,6.423934946094439,6.401416308513425,0.016123835846452064
eat_bio,5,cos_class_aves_vs_mammalia,30,0.7239532499083257,0.7416136825808276,0.7617733343217262,0.7422306386768306,0.012269288083229595
eat_bio,5,cos_order_passer_vs_other_aves,30,0.8850908192896122,0.9436450353968108,0.9690676526336979,0.9379126845489958,0.02826299275610747
eat_bio,5,abs_cos_veitch_class_vs_passer_subord,30,0.015237595029253143,0.09739195199886361,0.1711737231811255,0.09510264355208128,0.06341109180094226
eat_bio,5,species_separability_ratio,30,0.06358909186843405,0.06733977143089218,0.07450917452199245,0.0683069397820745,0.0036077612063074357
eat_bio,5,top1_share,30,0.04472893617232058,0.045528631984473905,0.04622877789032525,0.04552407017134565,0.0004722784660375735
eat_bio,5,top10_share,30,0.3300636346013558,0.3318457292248954,0.3353894617123689,0.3321120321836934,0.0015561641766436763
eat_bio,5,mean_l2_norm,30,6.453908509584614,6.4566606948895835,6.458270167271507,6.456227388200816,0.0014651150262876295
eat_bio,7,cos_class_aves_vs_mammalia,30,0.6144476879884895,0.6441664184550423,0.6787310229090217,0.6446523564702413,0.0210155510367932
eat_bio,7,cos_order_passer_vs_other_aves,30,0.8720589489576153,0.9080235438093415,0.9388896984539483,0.9100392431614224,0.021145923649401804
eat_bio,7,abs_cos_veitch_class_vs_passer_subord,30,0.015835585561381264,0.07165463614002371,0.21358640445035745,0.09346886406316224,0.0710652681743814
eat_bio,7,species_separability_ratio,30,0.07524825177604974,0.08131478955749138,0.08742743403801073,0.08101905021176861,0.004394768775757931
eat_bio,7,top1_share,30,0.04689664016667081,0.04778433483009409,0.04858319139904354,0.04775457361766603,0.0004969652206016058
eat_bio,7,top10_share,30,0.28970851912275003,0.2919528662914015,0.29534885496501145,0.29223097830117123,0.0018545620728590926
eat_bio,7,mean_l2_norm,30,6.867843974852832,6.871668471075868,6.873193091537557,6.871097111930142,0.0020246439451384224
eat_bio,9,cos_class_aves_vs_mammalia,30,0.6357515834644833,0.649729725398273,0.6758354615240662,0.6522792818395031,0.013491461949781606
eat_bio,9,cos_order_passer_vs_other_aves,30,0.8541581068891134,0.894941536399442,0.9360954510438626,0.8950646695226243,0.029977871328065665
eat_bio,9,abs_cos_veitch_class_vs_passer_subord,30,0.00978389811576475,0.08385592047155094,0.20039458636593555,0.09660308095465497,0.06270489093644945
eat_bio,9,species_separability_ratio,30,0.07023489771765587,0.07615731333023112,0.08212348345488724,0.07564367554053925,0.0037681024427375846
eat_bio,9,top1_share,30,0.05347793513994792,0.05422812122068091,0.05482567547857583,0.05418041114097113,0.00041423980723781257
eat_bio,9,top10_share,30,0.31474808621206657,0.3171162671748659,0.3205101371669614,0.31732115885009704,0.0016484303010954001
eat_bio,9,mean_l2_norm,30,5.313405557728664,5.316856074291075,5.319161855858551,5.31666759871175,0.0017959633736854635
eat_bio,10,cos_class_aves_vs_mammalia,30,0.6227274730563461,0.6633487858746949,0.7007595755467236,0.6614167073261039,0.02486327374673496
eat_bio,10,cos_order_passer_vs_other_aves,30,0.9167079839545593,0.9312985198415464,0.9466596229908888,0.9329748184102354,0.010913535059810195
eat_bio,10,abs_cos_veitch_class_vs_passer_subord,30,0.014573130094664486,0.09021700917639433,0.284930980337715,0.12051100503062388,0.09427413010428859
eat_bio,10,species_separability_ratio,30,0.07828031863069373,0.08530782064768697,0.09282915268032402,0.0852222191516287,0.004544319831130192
eat_bio,10,top1_share,30,0.05179217262956481,0.052817595003270906,0.054326799917711166,0.05299107214312193,0.000779296491293406
eat_bio,10,top10_share,30,0.31940390200427893,0.32408698517099815,0.3279414724484129,0.3240694997543351,0.0028276160912581658
eat_bio,10,mean_l2_norm,30,4.6005754435517545,4.603373286471942,4.606094952913376,4.603105550062825,0.002188576234409188
eat_bio,11,cos_class_aves_vs_mammalia,30,0.6465717628540885,0.6758188163452346,0.7006749760433165,0.6732462887753636,0.01746339512209651
eat_bio,11,cos_order_passer_vs_other_aves,30,0.92933692788074,0.9463585035924564,0.9553791714975491,0.9447662067722146,0.008899564940130224
eat_bio,11,abs_cos_veitch_class_vs_passer_subord,30,0.01256752194708046,0.14385862874611086,0.36408461746693305,0.15844799428108022,0.11570736823280049
eat_bio,11,species_separability_ratio,30,0.07065079187198049,0.0771380886379415,0.08354913166137468,0.07736838885056081,0.004381189594862077
eat_bio,11,top1_share,30,0.06014631502912677,0.06084184898482829,0.06193117556671754,0.060911265124004486,0.0006268464488637348
eat_bio,11,top10_share,30,0.33063500295032383,0.3335300013489025,0.3378234685250871,0.3339724543733139,0.0024640693751376576
eat_bio,11,mean_l2_norm,30,4.637748810615841,4.639410631122698,4.641016095763637,4.6395675763286075,0.0010695650740634515
eat_bio,12,cos_class_aves_vs_mammalia,30,0.5789919771165442,0.6139604991916683,0.6439798049528603,0.6140367103541202,0.022255534153813483
eat_bio,12,cos_order_passer_vs_other_aves,30,0.7673558534497379,0.8104145184738873,0.8603759084828736,0.811788249064406,0.029821873253283924
eat_bio,12,abs_cos_veitch_class_vs_passer_subord,30,0.04394266592435188,0.13387235453494772,0.46768290159701686,0.1844124073180673,0.13807222239653064
eat_bio,12,species_separability_ratio,30,0.05176051431420566,0.05754134143346619,0.06283995991782054,0.05671233826691634,0.0036151500244729945
eat_bio,12,top1_share,30,0.15995420833934967,0.16123302915038934,0.16480247990924624,0.16184603224303482,0.0017534264715662507
eat_bio,12,top10_share,30,0.31456170222758373,0.3184627303767764,0.32386027674482454,0.318977079012832,0.0032274421877424193
eat_bio,12,mean_l2_norm,30,4.85078060118072,4.867828890184498,4.895578380985854,4.870819411578896,0.013553294843068617
random_init_eat_seed42,5,cos_class_aves_vs_mammalia,30,0.8917353964762335,0.9082188639635083,0.9323774073564419,0.9101679075072274,0.012482337900586735
random_init_eat_seed42,5,cos_order_passer_vs_other_aves,30,0.8985950032385266,0.966835560141581,0.9894498426380844,0.9525224867017877,0.03281284214523881
random_init_eat_seed42,5,abs_cos_veitch_class_vs_passer_subord,30,0.5617562685363285,0.8691098356532266,0.9600147496290603,0.8406340864229214,0.11583501561176715
random_init_eat_seed42,5,species_separability_ratio,30,0.2786548222054921,0.3194201985059201,0.40329328146787796,0.3245624991775433,0.034648547052732355
random_init_eat_seed42,5,top1_share,30,0.5013866932993385,0.509601351794917,0.5270022893760746,0.5104243358050077,0.00844770327397398
random_init_eat_seed42,5,top10_share,30,0.8343197039764458,0.8404736831329629,0.845533733100517,0.840268271750439,0.0035501208480682315
random_init_eat_seed42,5,mean_l2_norm,30,27.712797283208893,27.71279938022887,27.712802117725996,27.712799511625175,1.660353256582426e-06
random_init_eat_seed42,7,cos_class_aves_vs_mammalia,30,0.883618265053354,0.9065852211995352,0.9347939919430075,0.9056188671088373,0.017153488220106882
random_init_eat_seed42,7,cos_order_passer_vs_other_aves,30,0.9040045273242394,0.969093403572614,0.9879878982315831,0.9558753364156651,0.028845043782177136
random_init_eat_seed42,7,abs_cos_veitch_class_vs_passer_subord,30,0.7191723296161083,0.9042528130170633,0.959913691042013,0.8716360952955668,0.08566067452592811
random_init_eat_seed42,7,species_separability_ratio,30,0.31080271100568296,0.3584733380612626,0.4173415406652498,0.3594863529144119,0.03325562432250306
random_init_eat_seed42,7,top1_share,30,0.49091282925385643,0.5000099799507283,0.5128536973364145,0.5006106197306658,0.006891552001689858
random_init_eat_seed42,7,top10_share,30,0.844531980626114,0.8489605297585427,0.8519437936469217,0.8486128469811814,0.002460376412840068
random_init_eat_seed42,7,mean_l2_norm,30,27.712797422923543,27.712799963847978,27.712802862369674,27.71279995328962,1.6585274034023951e-06
random_init_eat_seed42,9,cos_class_aves_vs_mammalia,30,0.8503489508728261,0.8905141151603668,0.9389285762915158,0.8910539350359784,0.026208704633265596
random_init_eat_seed42,9,cos_order_passer_vs_other_aves,30,0.9368639187377954,0.9757966488800421,0.9864150303568221,0.9696439164377681,0.019786814828771454
random_init_eat_seed42,9,abs_cos_veitch_class_vs_passer_subord,30,0.8554715515221265,0.9345552128896548,0.9740687003132913,0.920521195752186,0.04344492768712317
random_init_eat_seed42,9,species_separability_ratio,30,0.35982219204424043,0.39586157101994424,0.4414940334288873,0.3983795227090577,0.027958873983924354
random_init_eat_seed42,9,top1_share,30,0.4988344384423921,0.5139452077308291,0.5262720542625635,0.5128756321715391,0.008842731147646015
random_init_eat_seed42,9,top10_share,30,0.8526741552346755,0.8581462074814321,0.862827907430165,0.8577809247510052,0.0031637465273251356
random_init_eat_seed42,9,mean_l2_norm,30,27.71279730599474,27.712800429085835,27.712803100115433,27.71280029476908,1.7525886685578141e-06
random_init_eat_seed42,10,cos_class_aves_vs_mammalia,30,0.8550109703473153,0.9156469906749902,0.9445922349548352,0.9076725889828522,0.029111855031469007
random_init_eat_seed42,10,cos_order_passer_vs_other_aves,30,0.9427969234665758,0.9788811196308925,0.9852201795127075,0.9739637606314486,0.014522570309394425
random_init_eat_seed42,10,abs_cos_veitch_class_vs_passer_subord,30,0.6846391538760462,0.9208324038287499,0.9739525736390376,0.8927835338499363,0.10249928714382192
random_init_eat_seed42,10,species_separability_ratio,30,0.37542153431440567,0.4124597513586513,0.4528157532237499,0.41573309760131993,0.028492924656862168
random_init_eat_seed42,10,top1_share,30,0.5169349521893211,0.5302257158290953,0.5405553415155425,0.5294089261172046,0.008040138730947633
random_init_eat_seed42,10,top10_share,30,0.8589001062788459,0.8657153583853798,0.8691931868883461,0.8649394986932045,0.003060811067480488
random_init_eat_seed42,10,mean_l2_norm,30,27.712795958751155,27.71280012423715,27.712803221075763,27.71280030360888,2.3516723008462157e-06
random_init_eat_seed42,11,cos_class_aves_vs_mammalia,30,0.8983034744028271,0.9180228209984123,0.942663846407226,0.9213425235916827,0.013855652705237694
random_init_eat_seed42,11,cos_order_passer_vs_other_aves,30,0.9347796344337034,0.9691109499488013,0.9868434295132088,0.9636285785600693,0.020901196530129087
random_init_eat_seed42,11,abs_cos_veitch_class_vs_passer_subord,30,0.7632107058529977,0.9283279947657314,0.979360224336203,0.9001969557963314,0.09374921033045765
random_init_eat_seed42,11,species_separability_ratio,30,0.38732040495032183,0.444542925403112,0.5177659831508563,0.44494453643841264,0.0409999356562144
random_init_eat_seed42,11,top1_share,30,0.5360691587084471,0.5502492667344817,0.5638084361914302,0.5494153882905051,0.009103587656440254
random_init_eat_seed42,11,top10_share,30,0.8649563184765912,0.87055586153218,0.8755325753883868,0.870161383937263,0.0033864948625639316
random_init_eat_seed42,11,mean_l2_norm,30,27.71279856637219,27.71280015849375,27.71280256532887,27.71280018286357,1.396802088206891e-06
random_init_eat_seed42,12,cos_class_aves_vs_mammalia,30,0.9024460664568017,0.9225735063988301,0.9389241557270225,0.9229514662753133,0.012122008624361585
random_init_eat_seed42,12,cos_order_passer_vs_other_aves,30,0.9296125875696538,0.9614338697605742,0.9815903232099233,0.9593495289313376,0.017756320768159525
random_init_eat_seed42,12,abs_cos_veitch_class_vs_passer_subord,30,0.8834401465159487,0.943363471576742,0.977219501070365,0.9389884603516825,0.031228977862009996
random_init_eat_seed42,12,species_separability_ratio,30,0.38759613425882394,0.4588695519726603,0.5085870652828267,0.45054772293560014,0.038670426769480536
random_init_eat_seed42,12,top1_share,30,0.5496292739292101,0.5639191636003535,0.5752643767612631,0.5628261348679838,0.00904665192208507
random_init_eat_seed42,12,top10_share,30,0.869362149742217,0.8740107415092027,0.8781586111592763,0.8741142450394033,0.002779020313162521
random_init_eat_seed42,12,mean_l2_norm,30,27.712797237404793,27.7127999522751,27.712802572302497,27.712799758639285,1.6932869864346132e-06
sl_eat_all_ssl_all,5,cos_class_aves_vs_mammalia,30,0.6533631575687417,0.6788136162049013,0.7041050867656117,0.6780002150793354,0.017384941920997078
sl_eat_all_ssl_all,5,cos_order_passer_vs_other_aves,30,0.8609208143866997,0.9027003706549996,0.9291630317131063,0.8983400164707235,0.023287997482993292
sl_eat_all_ssl_all,5,abs_cos_veitch_class_vs_passer_subord,30,0.016657900251162244,0.1118902809336716,0.3153299558483518,0.13819893568082042,0.10225157978682828
sl_eat_all_ssl_all,5,species_separability_ratio,30,0.0788756895545049,0.08277052459235307,0.09073879643961716,0.08353870076099691,0.0038297108722872906
sl_eat_all_ssl_all,5,top1_share,30,0.05934201238061157,0.06137950713411844,0.06432165135821406,0.061681676232430774,0.001599768489944466
sl_eat_all_ssl_all,5,top10_share,30,0.27442646798141845,0.27933522389182075,0.2820758143714994,0.2792332541363654,0.0025159269430090666
sl_eat_all_ssl_all,5,mean_l2_norm,30,8.613090516015758,8.619352822351967,8.624706850255347,8.619498487727746,0.00374730600513957
sl_eat_all_ssl_all,7,cos_class_aves_vs_mammalia,30,0.5768871434669348,0.5946707620538433,0.6292924069179782,0.5974088139557142,0.016810716106446928
sl_eat_all_ssl_all,7,cos_order_passer_vs_other_aves,30,0.8251269375606665,0.8496260722429197,0.869391776268267,0.8514737077071478,0.014849351486912219
sl_eat_all_ssl_all,7,abs_cos_veitch_class_vs_passer_subord,30,0.034194459329791094,0.12558843077217344,0.25030166766460105,0.13082520542291992,0.0774644999921894
sl_eat_all_ssl_all,7,species_separability_ratio,30,0.10186465630353649,0.1083209602799021,0.1171778638670438,0.10882276505935326,0.00482518450230859
sl_eat_all_ssl_all,7,top1_share,30,0.053796406563853344,0.056194031379701276,0.057951148422639716,0.05611771956992477,0.0013562280012336444
sl_eat_all_ssl_all,7,top10_share,30,0.25567349556874525,0.26057986519422405,0.26372697756405883,0.26016674248740007,0.0026591080037128246
sl_eat_all_ssl_all,7,mean_l2_norm,30,8.739909900953966,8.750688125326725,8.765018975612671,8.750141418874527,0.007650728021876163
sl_eat_all_ssl_all,9,cos_class_aves_vs_mammalia,30,0.5205834730437577,0.5555990608437915,0.5908323641569319,0.5574542211934759,0.02337262708744529
sl_eat_all_ssl_all,9,cos_order_passer_vs_other_aves,30,0.7850454819157405,0.8238247539556516,0.8845648203457585,0.8256633558996864,0.0337461606599129
sl_eat_all_ssl_all,9,abs_cos_veitch_class_vs_passer_subord,30,0.012007351032418326,0.09218525745728165,0.22789260467692188,0.10128250779037326,0.07549797507977105
sl_eat_all_ssl_all,9,species_separability_ratio,30,0.09465842928523842,0.09925125683866198,0.10741865734111836,0.10015154141400813,0.004248315999323531
sl_eat_all_ssl_all,9,top1_share,30,0.0458743861021352,0.047132723392098175,0.04852949531933095,0.047118006381585226,0.0007756727117506514
sl_eat_all_ssl_all,9,top10_share,30,0.28440762674257086,0.28924201086365264,0.2917276956010412,0.28866108502000043,0.0022651473911368715
sl_eat_all_ssl_all,9,mean_l2_norm,30,6.585341307354737,6.59205216684904,6.602836017894198,6.593470735147018,0.005689325344114724
sl_eat_all_ssl_all,10,cos_class_aves_vs_mammalia,30,0.5465268390926268,0.5802610320181483,0.6198067268326177,0.5833038734607003,0.02320383696156825
sl_eat_all_ssl_all,10,cos_order_passer_vs_other_aves,30,0.8507775676447453,0.88087751473313,0.9049121133548176,0.880246582167154,0.01654922269089094
sl_eat_all_ssl_all,10,abs_cos_veitch_class_vs_passer_subord,30,0.008717434221078674,0.09547040431622678,0.2589503839174628,0.11238964576265854,0.08273967133378045
sl_eat_all_ssl_all,10,species_separability_ratio,30,0.08702914468932828,0.09228074880022338,0.09863806063681274,0.09252223925293536,0.0036358414113418494
sl_eat_all_ssl_all,10,top1_share,30,0.0685145845190168,0.07016026270320852,0.0731684317261693,0.07042832092079297,0.001529586947505357
sl_eat_all_ssl_all,10,top10_share,30,0.3362440641686601,0.3397612134546754,0.34448119370079744,0.3398912191089653,0.0025138320498652982
sl_eat_all_ssl_all,10,mean_l2_norm,30,5.048510351992708,5.056257138226252,5.062547395106245,5.056542225265857,0.004520028712865677
sl_eat_all_ssl_all,11,cos_class_aves_vs_mammalia,30,0.61800510670448,0.6495273010093963,0.6824788250229908,0.6501268587545967,0.020920314625214823
sl_eat_all_ssl_all,11,cos_order_passer_vs_other_aves,30,0.9187061482977118,0.9376990590137827,0.9575061198090686,0.9386530313845307,0.011669093297871486
sl_eat_all_ssl_all,11,abs_cos_veitch_class_vs_passer_subord,30,0.023180975476891404,0.18018133913623746,0.4331160265739187,0.22573165930345632,0.15008632294653698
sl_eat_all_ssl_all,11,species_separability_ratio,30,0.09900256786020384,0.1071581677945028,0.11281103459138922,0.10692612259966311,0.004585351615728473
sl_eat_all_ssl_all,11,top1_share,30,0.2661234246783531,0.26918604799043594,0.27137078935850334,0.26900051214306797,0.0018512512135153336
sl_eat_all_ssl_all,11,top10_share,30,0.5520783515210547,0.5553856868908801,0.5596742732893101,0.5558966692369351,0.0027303681804049617
sl_eat_all_ssl_all,11,mean_l2_norm,30,3.3987282404520185,3.413010870227698,3.431695798827725,3.414563250822368,0.011701672114303008
sl_eat_all_ssl_all,12,cos_class_aves_vs_mammalia,30,0.6502447948586005,0.6819703429697768,0.7033761059941597,0.6780064281839848,0.017698063046929568
sl_eat_all_ssl_all,12,cos_order_passer_vs_other_aves,30,0.7033756974931339,0.7378391506217388,0.7791483177619258,0.7400464260545359,0.023896494172493166
sl_eat_all_ssl_all,12,abs_cos_veitch_class_vs_passer_subord,30,0.22091640257992354,0.5232766823960338,0.6974242570312638,0.5007762559835681,0.17974829772854609
sl_eat_all_ssl_all,12,species_separability_ratio,30,0.0921542390371239,0.09960332959386753,0.11120517233161545,0.10118475906296161,0.0061831635746788195
sl_eat_all_ssl_all,12,top1_share,30,0.6177428833613068,0.6225251093856935,0.6285773363372317,0.6228331617132153,0.0036776011574425967
sl_eat_all_ssl_all,12,top10_share,30,0.7556631927707718,0.7596003390522167,0.7630277686092723,0.7595143677982789,0.0024852461334518997
sl_eat_all_ssl_all,12,mean_l2_norm,30,11.738205178564503,11.76170352642738,11.801473731480272,11.764336248936807,0.01936104741988435
sl_eat_bio_ssl_all,5,cos_class_aves_vs_mammalia,30,0.6080825395454341,0.6288947830253562,0.6485598737243001,0.6291677405704964,0.012909011770944744
sl_eat_bio_ssl_all,5,cos_order_passer_vs_other_aves,30,0.8064090179781367,0.8561751361802235,0.8868801529636673,0.8560134820323722,0.025692233327274924
sl_eat_bio_ssl_all,5,abs_cos_veitch_class_vs_passer_subord,30,0.004163593271369294,0.0358814295579603,0.10233689619488849,0.04538413124898166,0.037211367963429255
sl_eat_bio_ssl_all,5,species_separability_ratio,30,0.07352840881153398,0.07716047494096245,0.08255934098621476,0.07793217786607894,0.003595196364529229
sl_eat_bio_ssl_all,5,top1_share,30,0.035865424836730816,0.03617046452936099,0.03669693920483492,0.03619958605198955,0.00028466930227727876
sl_eat_bio_ssl_all,5,top10_share,30,0.21576575345256854,0.21870329943090147,0.22111879691485828,0.21864697112254475,0.0016886896366523317
sl_eat_bio_ssl_all,5,mean_l2_norm,30,8.562379306676332,8.5652391503604,8.56750579876423,8.565031636065575,0.0017082442057852149
sl_eat_bio_ssl_all,7,cos_class_aves_vs_mammalia,30,0.386374386008211,0.4028932164592751,0.42313735023415766,0.4051807381942991,0.01280991399403809
sl_eat_bio_ssl_all,7,cos_order_passer_vs_other_aves,30,0.7139844032063295,0.7576746763063797,0.8140757159959651,0.7607741757613378,0.032429209905451936
sl_eat_bio_ssl_all,7,abs_cos_veitch_class_vs_passer_subord,30,0.004923333728411561,0.04369515953741379,0.09900791748181519,0.04859640709829647,0.032484067027983524
sl_eat_bio_ssl_all,7,species_separability_ratio,30,0.13335480381703185,0.14495725693977624,0.15398159639729803,0.1447776531161762,0.006261429680308994
sl_eat_bio_ssl_all,7,top1_share,30,0.029267053169797372,0.0307022793749935,0.03261470605360379,0.030803946129545977,0.0009452600418525151
sl_eat_bio_ssl_all,7,top10_share,30,0.17656226419731674,0.18032648700555837,0.1827944762949171,0.1800015542008289,0.002035441615991995
sl_eat_bio_ssl_all,7,mean_l2_norm,30,9.465894353713454,9.468645906390606,9.474450964066405,9.468782751164564,0.0025282961497223072
sl_eat_bio_ssl_all,9,cos_class_aves_vs_mammalia,30,0.4122960866960826,0.4242036024238408,0.43825997345982254,0.42479506660743804,0.00910469013605274
sl_eat_bio_ssl_all,9,cos_order_passer_vs_other_aves,30,0.6785449120881295,0.7278542757658205,0.7664271541210101,0.727160792814644,0.029669899226870692
sl_eat_bio_ssl_all,9,abs_cos_veitch_class_vs_passer_subord,30,0.0060828724564410425,0.06594057281543084,0.14434725176124663,0.06889883095599493,0.04348470075740093
sl_eat_bio_ssl_all,9,species_separability_ratio,30,0.1975065124908661,0.20670097215733146,0.2173423100915103,0.2068582725387774,0.00616914790251708
sl_eat_bio_ssl_all,9,top1_share,30,0.04155723283287902,0.04260654775479619,0.04443054693204482,0.042575096179143616,0.0008495920895234118
sl_eat_bio_ssl_all,9,top10_share,30,0.20486101371302753,0.20867005620425227,0.2107124301099632,0.20821542667864096,0.0018253974486943777
sl_eat_bio_ssl_all,9,mean_l2_norm,30,7.741378579949799,7.74572691441298,7.749605873457154,7.745876283168224,0.002354268067193207
sl_eat_bio_ssl_all,10,cos_class_aves_vs_mammalia,30,0.4883615959288911,0.5147281748463979,0.5485644498928887,0.5156188188185011,0.02357293671507167
sl_eat_bio_ssl_all,10,cos_order_passer_vs_other_aves,30,0.7489648742323267,0.7900669188848877,0.8396148616768451,0.7886743873788358,0.028248456298623326
sl_eat_bio_ssl_all,10,abs_cos_veitch_class_vs_passer_subord,30,0.006547908074469961,0.03623961229132229,0.09463433373156627,0.04201164315469726,0.029017509262209473
sl_eat_bio_ssl_all,10,species_separability_ratio,30,0.19493408847221985,0.2055495018461366,0.21577284460275625,0.2059579395309866,0.006658520561898704
sl_eat_bio_ssl_all,10,top1_share,30,0.054917368280681056,0.05603597513589285,0.0573224324401319,0.05613144167456021,0.000812822074958795
sl_eat_bio_ssl_all,10,top10_share,30,0.23403164405302618,0.23653163073766437,0.23929271576927594,0.23670591899889568,0.001629195850540355
sl_eat_bio_ssl_all,10,mean_l2_norm,30,5.990471474389995,5.9910591089387975,5.99244935835271,5.99132714898782,0.0007186395895201289
sl_eat_bio_ssl_all,11,cos_class_aves_vs_mammalia,30,0.5425492933653696,0.5852284892430621,0.6403496070222818,0.5868877342663542,0.03057735600539768
sl_eat_bio_ssl_all,11,cos_order_passer_vs_other_aves,30,0.8323889899469488,0.8580787264774421,0.9035679428784058,0.8628819187868839,0.024855685425748533
sl_eat_bio_ssl_all,11,abs_cos_veitch_class_vs_passer_subord,30,0.014208128557000061,0.09029566382153932,0.15903267674997326,0.08727113624018938,0.04509051981492525
sl_eat_bio_ssl_all,11,species_separability_ratio,30,0.1808794489145675,0.1899881410206039,0.20467894757747793,0.19121962413243385,0.007469034047188305
sl_eat_bio_ssl_all,11,top1_share,30,0.09766928459155519,0.09968776965955684,0.10117609985792922,0.09973265855435769,0.0012574293022466626
sl_eat_bio_ssl_all,11,top10_share,30,0.2781660494124552,0.28089509992415684,0.28304592901404746,0.2807497330760277,0.0017089418794270065
sl_eat_bio_ssl_all,11,mean_l2_norm,30,6.0280281685656965,6.033443336800279,6.038910718993466,6.033683799301625,0.0032193543326738934
sl_eat_bio_ssl_all,12,cos_class_aves_vs_mammalia,30,0.599097835891362,0.6308065673946015,0.647997527507375,0.6275640395741832,0.016340974526536652
sl_eat_bio_ssl_all,12,cos_order_passer_vs_other_aves,30,0.6774092541343516,0.7192214865017994,0.7614819129320846,0.7190832660092868,0.029536348914251057
sl_eat_bio_ssl_all,12,abs_cos_veitch_class_vs_passer_subord,30,0.003625569157533306,0.032731903710949584,0.11026442588631435,0.04260048418793069,0.03688553226918546
sl_eat_bio_ssl_all,12,species_separability_ratio,30,0.20518510089399297,0.21451388299446705,0.2261336880433788,0.21472689777678539,0.007349359594041561
sl_eat_bio_ssl_all,12,top1_share,30,0.08070771921811871,0.08253897128453459,0.08430896623044869,0.08255446621945418,0.001169216155794426
sl_eat_bio_ssl_all,12,top10_share,30,0.28153847305567525,0.2845655508736973,0.28644753950447693,0.2843524985946432,0.00187391022451602
sl_eat_bio_ssl_all,12,mean_l2_norm,30,18.034940012372363,18.060871693304357,18.100554715956978,18.06435113645146,0.023829628034968138
