model,layer_idx,source,n_clips,n_frames,effective_rank,participation_ratio,mle_id_k20,is_bio
eat_all,0,Animal Sound Archive,10,500,9.859839246526585,4.20946655063876,8.056751666772453,True
eat_all,0,NatureLM,165,8250,12.177121429440673,5.1585826574643,1.939619297814731,False
eat_all,0,Watkins,153,7650,10.001140041030983,4.104058826692604,2.4653155612029876,True
eat_all,0,WavCaps,35,1750,11.118127498233568,4.711789933051421,7.826478557749555,False
eat_all,0,Xeno-canto,322,16100,9.681224230649033,3.958167206121101,14.442633927742591,True
eat_all,0,iNaturalist,115,5750,9.60584620838634,3.976082755899715,7.723325373775844,True
eat_all,1,Animal Sound Archive,10,500,40.80397858745334,20.498428194556883,10.796274653205105,True
eat_all,1,NatureLM,165,8250,48.18850008303957,22.64456375056377,5.46017338023049,False
eat_all,1,Watkins,153,7650,39.05773556630145,14.306526997116098,2.2591441009326663,True
eat_all,1,WavCaps,35,1750,48.99281947864296,23.199692958700012,11.317777941965502,False
eat_all,1,Xeno-canto,322,16100,48.28888728148482,22.608006775517822,8.436820009669896,True
eat_all,1,iNaturalist,115,5750,46.70026840849141,21.758778709896394,9.064647327896783,True
eat_all,2,Animal Sound Archive,10,500,67.53562638036668,37.14671778603507,13.962745913039997,True
eat_all,2,NatureLM,165,8250,80.2266200707373,39.932451976425824,7.000791312547156,False
eat_all,2,Watkins,153,7650,80.8237298693176,39.456450656417864,2.1704520703088797,True
eat_all,2,WavCaps,35,1750,86.63578404994404,47.042332800868515,13.53883053616298,False
eat_all,2,Xeno-canto,322,16100,87.85842122506911,47.17895742376984,14.660822707708583,True
eat_all,2,iNaturalist,115,5750,84.32142863644945,45.53157964423407,13.649137868329014,True
eat_all,3,Animal Sound Archive,10,500,75.70914769451844,40.14514586328579,13.271538764141964,True
eat_all,3,NatureLM,165,8250,95.29644765585233,46.50587126632675,6.5533810343401635,False
eat_all,3,Watkins,153,7650,97.70635959868113,46.302032422524896,2.1983852253063243,True
eat_all,3,WavCaps,35,1750,104.08776964697223,55.674862811480814,12.704137012029491,False
eat_all,3,Xeno-canto,322,16100,106.58563491934332,55.875369417080215,14.476273862429716,True
eat_all,3,iNaturalist,115,5750,102.33995884678995,53.85117233391998,13.889311003613436,True
eat_all,4,Animal Sound Archive,10,500,97.13565786823244,48.351077922894284,13.473122938342055,True
eat_all,4,NatureLM,165,8250,130.23258232345515,56.50686116552724,7.627845501336379,False
eat_all,4,Watkins,153,7650,129.2117293276274,58.58579319758272,2.269708815767352,True
eat_all,4,WavCaps,35,1750,142.27820240150106,71.51500873433844,11.8932024131025,False
eat_all,4,Xeno-canto,322,16100,148.96553921728406,70.48800685597551,16.125568179613772,True
eat_all,4,iNaturalist,115,5750,141.77783672869828,66.73784783537673,15.266365571899115,True
eat_all,5,Animal Sound Archive,10,500,103.00610042972114,51.77508286628063,12.796977813777103,True
eat_all,5,NatureLM,165,8250,142.95263400555092,58.49947554220064,7.4761485490096895,False
eat_all,5,Watkins,153,7650,140.8684638755919,61.04732414179358,2.018640468371364,True
eat_all,5,WavCaps,35,1750,156.16972001262675,76.02596466672995,10.526362128391389,False
eat_all,5,Xeno-canto,322,16100,172.71420416096257,75.32128183296298,14.68326135499501,True
eat_all,5,iNaturalist,115,5750,161.47035638642652,70.45319111544697,12.724085909508952,True
eat_all,6,Animal Sound Archive,10,500,105.53562385654577,49.81622820503273,10.878526425644983,True
eat_all,6,NatureLM,165,8250,162.17498285263582,62.212296618133095,6.876827405081862,False
eat_all,6,Watkins,153,7650,152.90521176822946,65.3415067706024,1.9432065391313762,True
eat_all,6,WavCaps,35,1750,177.27288786233055,85.65178119438207,9.37585996538664,False
eat_all,6,Xeno-canto,322,16100,211.51128094952975,88.49544519238225,13.889321171480624,True
eat_all,6,iNaturalist,115,5750,198.49632597581606,83.89530888677561,10.95745783702006,True
eat_all,7,Animal Sound Archive,10,500,106.85896036610039,49.80313352580816,10.388783472491776,True
eat_all,7,NatureLM,165,8250,177.4169710602912,69.08238141783953,6.627835333259209,False
eat_all,7,Watkins,153,7650,156.17763391866683,65.76021379870717,1.9459226301994517,True
eat_all,7,WavCaps,35,1750,186.2057423463427,89.1383469018681,8.880162958507098,False
eat_all,7,Xeno-canto,322,16100,229.91030345695677,95.18424536977155,13.854553153838351,True
eat_all,7,iNaturalist,115,5750,212.28120241927417,88.59321153509313,10.486945057658431,True
eat_all,8,Animal Sound Archive,10,500,87.47094295117817,40.17892725866647,10.09436045423243,True
eat_all,8,NatureLM,165,8250,138.73918649898417,54.64594549981687,6.700944948058317,False
eat_all,8,Watkins,153,7650,129.823479784881,54.9845995393792,2.035466473673864,True
eat_all,8,WavCaps,35,1750,148.48774324151188,66.8035057771292,9.55799800221042,False
eat_all,8,Xeno-canto,322,16100,168.30445174701026,64.97575467935174,13.727803582673566,True
eat_all,8,iNaturalist,115,5750,157.9426447497112,61.42896885524767,11.059100029236491,True
eat_all,9,Animal Sound Archive,10,500,80.12674237134289,38.535696529607165,8.53601571501035,True
eat_all,9,NatureLM,165,8250,131.05893031852395,53.539297533235946,5.876251818060567,False
eat_all,9,Watkins,153,7650,120.36565926571181,50.76416431854837,1.8752941844008526,True
eat_all,9,WavCaps,35,1750,140.10311583088543,64.23359009293277,7.886978613012024,False
eat_all,9,Xeno-canto,322,16100,175.55372561030936,70.12057495565703,11.063573326282153,True
eat_all,9,iNaturalist,115,5750,159.0817624859566,64.51374728560516,8.628434304053151,True
eat_all,10,Animal Sound Archive,10,500,77.70543743718773,39.06882076166325,7.749918673620604,True
eat_all,10,NatureLM,165,8250,125.57084294689264,51.494369152420994,5.713556168898582,False
eat_all,10,Watkins,153,7650,112.16889430631198,46.51014920994821,1.8171898514750338,True
eat_all,10,WavCaps,35,1750,136.58926105280045,63.81309607788039,7.817992734808086,False
eat_all,10,Xeno-canto,322,16100,171.52004127276086,69.97375906875935,10.86300236665458,True
eat_all,10,iNaturalist,115,5750,156.2148168799435,64.79848626560717,8.508197521069134,True
eat_all,11,Animal Sound Archive,10,500,95.85294710327864,44.56028780288174,9.223106983727048,True
eat_all,11,NatureLM,165,8250,154.58865396352007,57.25651867609531,6.003136958711309,False
eat_all,11,Watkins,153,7650,124.19531879113983,47.887399261916066,1.8784396755221167,True
eat_all,11,WavCaps,35,1750,169.40111477190962,72.13083700996707,8.70408986012152,False
eat_all,11,Xeno-canto,322,16100,222.52361224940736,82.6131380892402,11.86094514045101,True
eat_all,11,iNaturalist,115,5750,201.3106901932546,75.84564311137812,9.239400992958108,True
eat_all,12,Animal Sound Archive,10,500,39.251982368613135,11.201642345162048,10.438263658983898,True
eat_all,12,NatureLM,165,8250,48.61503857304239,10.080765970397186,7.206650568263607,False
eat_all,12,Watkins,153,7650,37.726192731077944,8.470721082729305,2.1239108363825006,True
eat_all,12,WavCaps,35,1750,54.56491348327489,11.42420933376976,11.668634378918824,False
eat_all,12,Xeno-canto,322,16100,65.99673608666559,11.549948577973044,16.52925348038424,True
eat_all,12,iNaturalist,115,5750,60.761135002499636,11.20971434738604,13.408947110857872,True
eat_bio,0,Animal Sound Archive,10,500,23.228819230815617,9.300132553965335,9.141991287001423,True
eat_bio,0,NatureLM,165,8250,24.42423107867836,10.467584319058638,1.8681461789599512,False
eat_bio,0,Watkins,153,7650,25.408465438359315,9.922114001865946,2.413431730358466,True
eat_bio,0,WavCaps,35,1750,23.448536395703716,9.443765389393787,8.095602133636756,False
eat_bio,0,Xeno-canto,322,16100,25.58183651253502,9.278171750881889,14.102331255867059,True
eat_bio,0,iNaturalist,115,5750,24.558375704188908,8.95724787925816,7.702448262103454,True
eat_bio,1,Animal Sound Archive,10,500,48.69768740365912,20.881887783456826,12.57372103598363,True
eat_bio,1,NatureLM,165,8250,52.832995076822996,21.830938572757052,5.775485357763319,False
eat_bio,1,Watkins,153,7650,58.33403287333663,29.299521965648445,2.348330747770384,True
eat_bio,1,WavCaps,35,1750,60.804467905490995,28.02588865299288,12.009834217698623,False
eat_bio,1,Xeno-canto,322,16100,70.30310608387792,37.18360533989908,14.197117313435268,True
eat_bio,1,iNaturalist,115,5750,67.81242020627035,35.824459113394674,13.625415337102769,True
eat_bio,2,Animal Sound Archive,10,500,43.28595269006403,27.25777305254256,9.832256779641568,True
eat_bio,2,NatureLM,165,8250,49.33918197248801,28.062473512322935,5.0619710331718055,False
eat_bio,2,Watkins,153,7650,42.33384200794989,20.427583815900118,2.038950795760844,True
eat_bio,2,WavCaps,35,1750,52.430312763732545,31.762125553201333,9.471551653906472,False
eat_bio,2,Xeno-canto,322,16100,52.563269402559776,31.51627534077921,7.829002477695342,True
eat_bio,2,iNaturalist,115,5750,50.528272306708686,30.482541625934786,7.818240772299361,True
eat_bio,3,Animal Sound Archive,10,500,54.44227240081734,32.41283622897337,10.477332793111618,True
eat_bio,3,NatureLM,165,8250,62.07983868551039,34.61822632287517,5.4263757876945835,False
eat_bio,3,Watkins,153,7650,57.192621765672975,27.222680971562323,2.1351013132564423,True
eat_bio,3,WavCaps,35,1750,66.99396584966031,39.11786865614376,10.952746447118422,False
eat_bio,3,Xeno-canto,322,16100,69.71781456913853,40.63271785360777,10.562678273866858,True
eat_bio,3,iNaturalist,115,5750,66.48722936329251,38.76721428210339,10.100386394998054,True
eat_bio,4,Animal Sound Archive,10,500,73.51288306200622,36.835687497368895,11.565103512828063,True
eat_bio,4,NatureLM,165,8250,89.69474254929281,42.178354812367445,6.381451490202164,False
eat_bio,4,Watkins,153,7650,95.0621825200153,45.238201540396346,2.2236654863705305,True
eat_bio,4,WavCaps,35,1750,99.48428879116636,51.09465519993174,10.946675603692022,False
eat_bio,4,Xeno-canto,322,16100,113.1994346988923,57.26501234299223,14.08330888641264,True
eat_bio,4,iNaturalist,115,5750,106.44211933438255,53.72120655251776,13.21234467828755,True
eat_bio,5,Animal Sound Archive,10,500,83.8599050406734,44.43963137758595,12.374465115412615,True
eat_bio,5,NatureLM,165,8250,98.62693152358302,45.37241347107231,6.591952561087277,False
eat_bio,5,Watkins,153,7650,100.29651235016864,44.51820339354403,2.076759387753598,True
eat_bio,5,WavCaps,35,1750,107.1960070399879,53.79581557796447,11.218946952377168,False
eat_bio,5,Xeno-canto,322,16100,127.37723189123633,59.92166454297397,13.986526224613298,True
eat_bio,5,iNaturalist,115,5750,118.29684404018836,55.862196558689334,12.948531290112761,True
eat_bio,6,Animal Sound Archive,10,500,95.09333106718321,41.667392695936755,11.053971642812236,True
eat_bio,6,NatureLM,165,8250,125.40668260242637,46.71925157381765,6.65847241457536,False
eat_bio,6,Watkins,153,7650,129.72203420895352,54.23151077781372,2.019879183938293,True
eat_bio,6,WavCaps,35,1750,140.57776802895336,61.67107920754858,9.676287125763029,False
eat_bio,6,Xeno-canto,322,16100,181.5707579899194,74.27409552670797,15.667222955466443,True
eat_bio,6,iNaturalist,115,5750,169.1109818290425,69.09904861666843,12.925387185350841,True
eat_bio,7,Animal Sound Archive,10,500,90.95290871331784,39.340627023895486,10.35266143708359,True
eat_bio,7,NatureLM,165,8250,126.86482064627698,46.637280796255006,6.355604115504895,False
eat_bio,7,Watkins,153,7650,132.84196701476722,54.48555533235917,2.0301292574283556,True
eat_bio,7,WavCaps,35,1750,140.03989727988815,60.04408314248492,9.019808884075315,False
eat_bio,7,Xeno-canto,322,16100,189.25747706711473,73.60853490704534,14.543573280619714,True
eat_bio,7,iNaturalist,115,5750,174.50333962650242,68.59192249565034,11.550494356055182,True
eat_bio,8,Animal Sound Archive,10,500,75.17798947117363,34.22591502529422,8.994497726978851,True
eat_bio,8,NatureLM,165,8250,104.34428696932008,40.15471630806652,5.769006876320188,False
eat_bio,8,Watkins,153,7650,105.02596427404187,42.590266943273136,2.0591912889493846,True
eat_bio,8,WavCaps,35,1750,116.4223657784986,50.71519355405353,8.155232516042737,False
eat_bio,8,Xeno-canto,322,16100,158.35650798035965,61.84362227669063,11.754822682776966,True
eat_bio,8,iNaturalist,115,5750,145.4090932761842,57.38542070051059,9.439907816078922,True
eat_bio,9,Animal Sound Archive,10,500,72.86310473025861,34.25239985998506,8.495205667198475,True
eat_bio,9,NatureLM,165,8250,100.97108457945622,40.55246566763049,5.4337659413400345,False
eat_bio,9,Watkins,153,7650,91.30766255460522,39.048216808862,1.9737711010688828,True
eat_bio,9,WavCaps,35,1750,112.89414420140719,50.064950369074154,7.536608660625742,False
eat_bio,9,Xeno-canto,322,16100,161.98477132281414,66.90317788159791,10.569692310006747,True
eat_bio,9,iNaturalist,115,5750,144.49862085857066,59.90753087551633,8.589189094927576,True
eat_bio,10,Animal Sound Archive,10,500,74.54090586013274,35.693844391672506,7.974149097676189,True
eat_bio,10,NatureLM,165,8250,101.99902046912281,39.87487230602519,5.248539533224106,False
eat_bio,10,Watkins,153,7650,86.58470231124713,36.00591740595499,1.9289218364756266,True
eat_bio,10,WavCaps,35,1750,118.31818394701475,51.83287403069741,7.931732784827963,False
eat_bio,10,Xeno-canto,322,16100,178.00511949492585,71.2485215429801,10.766295239711914,True
eat_bio,10,iNaturalist,115,5750,157.14314375769996,64.10452235818472,8.663862864867088,True
eat_bio,11,Animal Sound Archive,10,500,85.32069112155149,36.85979616672957,8.907267649930585,True
eat_bio,11,NatureLM,165,8250,112.55161610832201,39.3916436636178,5.487844717766427,False
eat_bio,11,Watkins,153,7650,93.43647567949236,35.83617927340684,1.9921181942439112,True
eat_bio,11,WavCaps,35,1750,133.01697300380388,51.81917674497142,8.545571809687102,False
eat_bio,11,Xeno-canto,322,16100,195.30853220545325,65.4245059190919,11.599371782889149,True
eat_bio,11,iNaturalist,115,5750,173.82715368391663,60.35228058002386,9.393726695286762,True
eat_bio,12,Animal Sound Archive,10,500,84.77134779446216,25.71230003440141,11.603430733801106,True
eat_bio,12,NatureLM,165,8250,110.79116898838221,22.769519523797154,6.519444912785202,False
eat_bio,12,Watkins,153,7650,93.31754069827511,21.79286185942496,2.1089752311048127,True
eat_bio,12,WavCaps,35,1750,134.1287926308606,33.09144260618075,10.92505301153609,False
eat_bio,12,Xeno-canto,322,16100,206.00492236742366,35.6312287446894,16.71834261312257,True
eat_bio,12,iNaturalist,115,5750,181.51575644476506,34.43101243692156,13.375403572599598,True
sl_eat_all_ssl_all,0,Animal Sound Archive,10,500,40.35249801251899,18.616270595146535,12.645084895277046,True
sl_eat_all_ssl_all,0,NatureLM,165,8250,40.11492880493959,19.515742338978537,1.8432626721483631,False
sl_eat_all_ssl_all,0,Watkins,153,7650,40.87353184421954,19.256010962192846,2.33820445208036,True
sl_eat_all_ssl_all,0,WavCaps,35,1750,39.471811931806506,17.894384790052683,8.807861840513073,False
sl_eat_all_ssl_all,0,Xeno-canto,322,16100,42.85586773949607,18.170941126474307,12.616108826045714,True
sl_eat_all_ssl_all,0,iNaturalist,115,5750,45.484454343520035,20.708153620448876,7.420230640882517,True
sl_eat_all_ssl_all,1,Animal Sound Archive,10,500,55.940659190501066,29.227045526968034,13.826245463705929,True
sl_eat_all_ssl_all,1,NatureLM,165,8250,62.09781777950759,32.41511479176768,5.950596334965501,False
sl_eat_all_ssl_all,1,Watkins,153,7650,59.12910867285077,29.73198072507931,2.283740581931087,True
sl_eat_all_ssl_all,1,WavCaps,35,1750,64.83635345635295,34.38710891754394,13.103515918035203,False
sl_eat_all_ssl_all,1,Xeno-canto,322,16100,68.01828983325136,39.278699881946466,12.849789794245915,True
sl_eat_all_ssl_all,1,iNaturalist,115,5750,66.8993788101081,39.6491104756182,13.121206788028223,True
sl_eat_all_ssl_all,2,Animal Sound Archive,10,500,68.85757425820759,40.28738467913767,15.330304980889556,True
sl_eat_all_ssl_all,2,NatureLM,165,8250,73.40000830656032,38.60330075275878,6.5680214261536225,False
sl_eat_all_ssl_all,2,Watkins,153,7650,69.54201867857604,35.298352884712486,2.1651443935320978,True
sl_eat_all_ssl_all,2,WavCaps,35,1750,79.75952428173002,45.157820382715585,14.416842060673801,False
sl_eat_all_ssl_all,2,Xeno-canto,322,16100,81.0169436924908,46.61624891639133,15.05663309005179,True
sl_eat_all_ssl_all,2,iNaturalist,115,5750,78.95770435120706,45.99546812155704,14.003996381120231,True
sl_eat_all_ssl_all,3,Animal Sound Archive,10,500,83.82345873350766,48.26028618431497,15.43761111668025,True
sl_eat_all_ssl_all,3,NatureLM,165,8250,90.45174166155755,45.954295229336886,6.610084963539473,False
sl_eat_all_ssl_all,3,Watkins,153,7650,87.51008914624201,45.28769385552697,2.2369241368007406,True
sl_eat_all_ssl_all,3,WavCaps,35,1750,101.72750091279872,58.30040273041878,14.340759324319691,False
sl_eat_all_ssl_all,3,Xeno-canto,322,16100,104.73977845054624,60.849437659612576,17.258657713204894,True
sl_eat_all_ssl_all,3,iNaturalist,115,5750,101.74568114018783,59.19948735735655,16.92712929343287,True
sl_eat_all_ssl_all,4,Animal Sound Archive,10,500,99.71703667671953,53.702998058142875,14.776972855522875,True
sl_eat_all_ssl_all,4,NatureLM,165,8250,106.3390509221098,46.64819614387048,7.348025746563543,False
sl_eat_all_ssl_all,4,Watkins,153,7650,102.79959206779326,48.551541250846775,2.355837935862356,True
sl_eat_all_ssl_all,4,WavCaps,35,1750,124.2429662308883,65.69584913970436,12.974058562704085,False
sl_eat_all_ssl_all,4,Xeno-canto,322,16100,134.99538704848962,72.5513336284297,18.260176790814587,True
sl_eat_all_ssl_all,4,iNaturalist,115,5750,129.72202880090737,68.80540598790762,17.491684800733196,True
sl_eat_all_ssl_all,5,Animal Sound Archive,10,500,115.32137004463885,62.6615148046692,12.888205837620314,True
sl_eat_all_ssl_all,5,NatureLM,165,8250,123.84116469863771,48.50778167344856,7.312858603430632,False
sl_eat_all_ssl_all,5,Watkins,153,7650,116.417813906852,48.911390315492774,2.1011862742700007,True
sl_eat_all_ssl_all,5,WavCaps,35,1750,147.22740779391208,73.29905931781953,11.593752364290728,False
sl_eat_all_ssl_all,5,Xeno-canto,322,16100,167.53771528590022,84.1251155690771,17.92513613559741,True
sl_eat_all_ssl_all,5,iNaturalist,115,5750,156.76478547217536,76.78813149802137,15.816658852580053,True
sl_eat_all_ssl_all,6,Animal Sound Archive,10,500,112.1267618234728,56.17968627723992,10.245957696939596,True
sl_eat_all_ssl_all,6,NatureLM,165,8250,133.28579995000922,50.09234240622504,6.878017109676023,False
sl_eat_all_ssl_all,6,Watkins,153,7650,119.8814405699538,47.00648352318118,2.044481460862376,True
sl_eat_all_ssl_all,6,WavCaps,35,1750,155.3736370400802,74.02411602303091,10.015719456040094,False
sl_eat_all_ssl_all,6,Xeno-canto,322,16100,188.7780306013402,90.51768255069854,16.983938605168614,True
sl_eat_all_ssl_all,6,iNaturalist,115,5750,176.59154421211485,81.95635540640535,14.345735429235624,True
sl_eat_all_ssl_all,7,Animal Sound Archive,10,500,108.69274029084322,52.692896326942915,8.515024183481993,True
sl_eat_all_ssl_all,7,NatureLM,165,8250,144.06129525022544,54.59199969876496,6.655140681454274,False
sl_eat_all_ssl_all,7,Watkins,153,7650,124.3702540492853,49.35108687490172,2.030031958305993,True
sl_eat_all_ssl_all,7,WavCaps,35,1750,161.28612706432799,77.01413426817373,9.79912564239152,False
sl_eat_all_ssl_all,7,Xeno-canto,322,16100,208.1149708913397,97.89363087948075,16.788512397396946,True
sl_eat_all_ssl_all,7,iNaturalist,115,5750,188.3406124900533,85.21018754482526,13.657759607910732,True
sl_eat_all_ssl_all,8,Animal Sound Archive,10,500,85.42699226032555,40.84835756777591,6.43728046021228,True
sl_eat_all_ssl_all,8,NatureLM,165,8250,110.84885240142552,43.53816831719923,6.1081479065881235,False
sl_eat_all_ssl_all,8,Watkins,153,7650,104.03578741589273,43.063638580639,2.1179865135226055,True
sl_eat_all_ssl_all,8,WavCaps,35,1750,128.81182863088347,60.84140175762437,8.008456365081594,False
sl_eat_all_ssl_all,8,Xeno-canto,322,16100,151.32687391699974,66.12630398107987,12.899488062285444,True
sl_eat_all_ssl_all,8,iNaturalist,115,5750,139.475224983959,60.12819987079483,10.696467767922726,True
sl_eat_all_ssl_all,9,Animal Sound Archive,10,500,76.4486471642848,35.98191047941616,5.954709654384991,True
sl_eat_all_ssl_all,9,NatureLM,165,8250,121.46035744804283,49.12180877750595,4.792872706630859,False
sl_eat_all_ssl_all,9,Watkins,153,7650,122.89754101001488,51.87861776941484,1.8301103229063937,True
sl_eat_all_ssl_all,9,WavCaps,35,1750,132.31804622486206,63.41957926899957,6.01620674913771,False
sl_eat_all_ssl_all,9,Xeno-canto,322,16100,164.31600901812158,68.3141346099208,9.913530823553621,True
sl_eat_all_ssl_all,9,iNaturalist,115,5750,149.99798901303947,63.369545702925954,7.269591175102416,True
sl_eat_all_ssl_all,10,Animal Sound Archive,10,500,65.23562515908225,32.09238909260325,4.28337910501173,True
sl_eat_all_ssl_all,10,NatureLM,165,8250,106.82378039967944,41.67425790963137,4.572902985821614,False
sl_eat_all_ssl_all,10,Watkins,153,7650,116.39001158150865,48.27374200623295,1.8015329663886304,True
sl_eat_all_ssl_all,10,WavCaps,35,1750,114.44560153186244,51.01614075529915,5.815404904360411,False
sl_eat_all_ssl_all,10,Xeno-canto,322,16100,133.10211839495813,45.44386085621472,9.735486637922305,True
sl_eat_all_ssl_all,10,iNaturalist,115,5750,119.9152242571737,42.543662837711835,7.502806880197378,True
sl_eat_all_ssl_all,11,Animal Sound Archive,10,500,38.0764861110378,11.47833035284992,5.3399863163322845,True
sl_eat_all_ssl_all,11,NatureLM,165,8250,43.168949062475136,9.893391994728107,4.509719608741915,False
sl_eat_all_ssl_all,11,Watkins,153,7650,72.37011175428155,20.03944690752517,1.869971014387841,True
sl_eat_all_ssl_all,11,WavCaps,35,1750,53.3767546385063,12.180886747391549,5.5821165827091,False
sl_eat_all_ssl_all,11,Xeno-canto,322,16100,49.046945826881974,10.114522554291206,9.593460784106803,True
sl_eat_all_ssl_all,11,iNaturalist,115,5750,47.91407576362876,10.355886433337572,7.196034230224232,True
sl_eat_all_ssl_all,12,Animal Sound Archive,10,500,10.162843254312264,3.081114181867046,5.123883837408735,True
sl_eat_all_ssl_all,12,NatureLM,165,8250,7.043295172691016,2.079666929512839,4.597638480224745,False
sl_eat_all_ssl_all,12,Watkins,153,7650,21.362466379748938,4.785072849514974,1.9111750623841572,True
sl_eat_all_ssl_all,12,WavCaps,35,1750,9.027791702368162,2.4262323731269295,5.520515407624656,False
sl_eat_all_ssl_all,12,Xeno-canto,322,16100,9.363361405923463,2.345696003548608,9.507209139478645,True
sl_eat_all_ssl_all,12,iNaturalist,115,5750,7.506539346174447,2.1100524997553465,7.530704168418859,True
sl_eat_bio_ssl_all,0,Animal Sound Archive,10,500,15.575399611622887,6.027456624517556,8.197027360812093,True
sl_eat_bio_ssl_all,0,NatureLM,165,8250,18.537111885845853,7.617426261860215,1.9102768507288028,False
sl_eat_bio_ssl_all,0,Watkins,153,7650,16.110869002569057,5.872366825209475,2.4285276948315055,True
sl_eat_bio_ssl_all,0,WavCaps,35,1750,17.09325793973336,6.83583213958186,7.944967746714735,False
sl_eat_bio_ssl_all,0,Xeno-canto,322,16100,15.74707666603411,5.569790049549452,14.236435107813335,True
sl_eat_bio_ssl_all,0,iNaturalist,115,5750,15.945650834620654,5.806989667378612,7.67468881609698,True
sl_eat_bio_ssl_all,1,Animal Sound Archive,10,500,49.10770920369396,24.523235274685874,11.981321100075602,True
sl_eat_bio_ssl_all,1,NatureLM,165,8250,56.060616895664666,27.353406698381217,5.708667089501972,False
sl_eat_bio_ssl_all,1,Watkins,153,7650,48.767387069277554,19.440400111767875,2.25341529334292,True
sl_eat_bio_ssl_all,1,WavCaps,35,1750,58.11145158083977,28.436102033287042,12.132088776972049,False
sl_eat_bio_ssl_all,1,Xeno-canto,322,16100,60.174886894069985,29.10994106177335,10.29936302940346,True
sl_eat_bio_ssl_all,1,iNaturalist,115,5750,57.92163736164448,28.264998865695638,11.055249816345441,True
sl_eat_bio_ssl_all,2,Animal Sound Archive,10,500,76.42136354681617,42.07933982748385,14.951419108720076,True
sl_eat_bio_ssl_all,2,NatureLM,165,8250,82.98723827034041,38.558526075662584,7.084283467775637,False
sl_eat_bio_ssl_all,2,Watkins,153,7650,86.59115657610688,43.8587518570582,2.1721970807578352,True
sl_eat_bio_ssl_all,2,WavCaps,35,1750,92.72585792864287,49.36851439745177,14.149485841539331,False
sl_eat_bio_ssl_all,2,Xeno-canto,322,16100,100.07792268205402,55.6874285613615,16.581072305698427,True
sl_eat_bio_ssl_all,2,iNaturalist,115,5750,95.58952037011763,53.227030188935856,14.87874478671936,True
sl_eat_bio_ssl_all,3,Animal Sound Archive,10,500,90.31117918400224,47.77607983412008,14.876662628099307,True
sl_eat_bio_ssl_all,3,NatureLM,165,8250,106.35300668476945,49.21639019959319,7.029625548670746,False
sl_eat_bio_ssl_all,3,Watkins,153,7650,110.87224998468788,54.482996005331685,2.204467352575203,True
sl_eat_bio_ssl_all,3,WavCaps,35,1750,118.9958101337,63.513638798534,13.351172309745001,False
sl_eat_bio_ssl_all,3,Xeno-canto,322,16100,128.97607345442802,69.64516872920015,17.5833089969118,True
sl_eat_bio_ssl_all,3,iNaturalist,115,5750,123.34174940077767,66.40183840941931,16.617058310144213,True
sl_eat_bio_ssl_all,4,Animal Sound Archive,10,500,114.19388948157928,57.386116486305546,14.188725058406426,True
sl_eat_bio_ssl_all,4,NatureLM,165,8250,140.93677952125958,57.01137935649029,8.063555305557285,False
sl_eat_bio_ssl_all,4,Watkins,153,7650,148.29855093986203,68.25397530432019,2.3113454767032295,True
sl_eat_bio_ssl_all,4,WavCaps,35,1750,161.29222536203852,81.97261885920636,11.533076331823668,False
sl_eat_bio_ssl_all,4,Xeno-canto,322,16100,186.23384595507105,93.5927883080494,18.15043609449398,True
sl_eat_bio_ssl_all,4,iNaturalist,115,5750,176.28303193391156,87.6237687848274,16.504568345171844,True
sl_eat_bio_ssl_all,5,Animal Sound Archive,10,500,129.54912378248687,66.42524392818288,12.22381039251709,True
sl_eat_bio_ssl_all,5,NatureLM,165,8250,171.00368435873796,63.57876871993744,7.3043844570210945,False
sl_eat_bio_ssl_all,5,Watkins,153,7650,177.7604105730882,76.04603831201187,1.9761637504834912,True
sl_eat_bio_ssl_all,5,WavCaps,35,1750,190.04810618839122,92.97641451023219,9.367083047500829,False
sl_eat_bio_ssl_all,5,Xeno-canto,322,16100,245.95197970202446,115.78975622628866,14.251008700570543,True
sl_eat_bio_ssl_all,5,iNaturalist,115,5750,223.77765894291932,103.03911363665053,11.722449448810789,True
sl_eat_bio_ssl_all,6,Animal Sound Archive,10,500,124.5562191882051,60.80852402584943,9.208153797014209,True
sl_eat_bio_ssl_all,6,NatureLM,165,8250,194.18562827315213,67.66963784019512,6.172387740680753,False
sl_eat_bio_ssl_all,6,Watkins,153,7650,187.8696948337697,78.24172123879221,1.8381890909782272,True
sl_eat_bio_ssl_all,6,WavCaps,35,1750,207.11708900476262,101.98240064055285,7.445876762786998,False
sl_eat_bio_ssl_all,6,Xeno-canto,322,16100,307.3406720483607,147.55717939309835,11.307890963886294,True
sl_eat_bio_ssl_all,6,iNaturalist,115,5750,274.86636666998635,129.6258556315496,8.615612425929033,True
sl_eat_bio_ssl_all,7,Animal Sound Archive,10,500,114.56305356206617,53.626227338806686,7.973153051558601,True
sl_eat_bio_ssl_all,7,NatureLM,165,8250,201.9249783333394,70.42446413207581,5.410939950218337,False
sl_eat_bio_ssl_all,7,Watkins,153,7650,174.9413225046387,69.5055246782308,1.774529987429596,True
sl_eat_bio_ssl_all,7,WavCaps,35,1750,202.44241971444632,99.06245550580246,6.048429472911784,False
sl_eat_bio_ssl_all,7,Xeno-canto,322,16100,344.2183193422106,170.31265742936128,9.507008813180228,True
sl_eat_bio_ssl_all,7,iNaturalist,115,5750,295.464711559437,141.32992959169613,6.84029807868992,True
sl_eat_bio_ssl_all,8,Animal Sound Archive,10,500,93.20204115371374,42.67473762483829,6.249705912832776,True
sl_eat_bio_ssl_all,8,NatureLM,165,8250,180.43023818985353,63.39734032689848,5.285098426613392,False
sl_eat_bio_ssl_all,8,Watkins,153,7650,167.27935962285514,70.67661889785596,1.7819220688767958,True
sl_eat_bio_ssl_all,8,WavCaps,35,1750,174.74009093178003,80.6540492106199,6.187450845989458,False
sl_eat_bio_ssl_all,8,Xeno-canto,322,16100,296.09647997620687,120.86933690608079,8.95161910010135,True
sl_eat_bio_ssl_all,8,iNaturalist,115,5750,258.6812637736875,108.5926125842023,6.58315988164499,True
sl_eat_bio_ssl_all,9,Animal Sound Archive,10,500,78.23046073062025,37.56842396332227,5.182717152959018,True
sl_eat_bio_ssl_all,9,NatureLM,165,8250,180.03706722197427,65.0851866304233,4.334946365287265,False
sl_eat_bio_ssl_all,9,Watkins,153,7650,155.00791591270445,62.50577258246,1.5905555409057026,True
sl_eat_bio_ssl_all,9,WavCaps,35,1750,166.78116080203037,80.26224684297178,4.638574673660241,False
sl_eat_bio_ssl_all,9,Xeno-canto,322,16100,308.97664650756917,131.90766668360922,6.698885552292254,True
sl_eat_bio_ssl_all,9,iNaturalist,115,5750,256.85284869308526,111.58106738752382,4.771720887119299,True
sl_eat_bio_ssl_all,10,Animal Sound Archive,10,500,67.69319950946276,33.284134484422786,4.691390909645,True
sl_eat_bio_ssl_all,10,NatureLM,165,8250,163.65902053471467,60.05555548810124,4.27430719140449,False
sl_eat_bio_ssl_all,10,Watkins,153,7650,155.19683797589343,65.08856035917232,1.5465190891813363,True
sl_eat_bio_ssl_all,10,WavCaps,35,1750,151.38002916989856,71.80216454139257,4.392625603686579,False
sl_eat_bio_ssl_all,10,Xeno-canto,322,16100,280.9466753392407,106.45373572343081,6.651316513266119,True
sl_eat_bio_ssl_all,10,iNaturalist,115,5750,228.41966662515182,90.26074509810688,4.867716190041792,True
sl_eat_bio_ssl_all,11,Animal Sound Archive,10,500,73.12785323761315,33.559713831190706,5.383100696189285,True
sl_eat_bio_ssl_all,11,NatureLM,165,8250,172.2364505590178,54.178798923744075,4.808188285786306,False
sl_eat_bio_ssl_all,11,Watkins,153,7650,151.5888341629904,52.64519413150514,1.593895636333889,True
sl_eat_bio_ssl_all,11,WavCaps,35,1750,160.3371626715699,64.43261539829777,5.173448011926064,False
sl_eat_bio_ssl_all,11,Xeno-canto,322,16100,260.48269628413914,72.22835554475942,8.03230591457651,True
sl_eat_bio_ssl_all,11,iNaturalist,115,5750,207.87819943581127,59.16228326183952,5.99226799850006,True
sl_eat_bio_ssl_all,12,Animal Sound Archive,10,500,65.75246383279656,33.34900356021664,5.179551343796135,True
sl_eat_bio_ssl_all,12,NatureLM,165,8250,138.43521764619575,53.927310937396456,5.001972491547011,False
sl_eat_bio_ssl_all,12,Watkins,153,7650,117.72927291681708,47.68057098142468,1.589339758557046,True
sl_eat_bio_ssl_all,12,WavCaps,35,1750,131.16370586735175,60.65412454778029,5.762376408139023,False
sl_eat_bio_ssl_all,12,Xeno-canto,322,16100,194.3294469439881,79.02747083514826,8.168965248408488,True
sl_eat_bio_ssl_all,12,iNaturalist,115,5750,159.59922376677343,62.66510980668456,6.180045598069355,True
random_init_eat_seed42,0,Animal Sound Archive,10,500,9.560601567735013,2.8555885325391803,13.251678003783017,True
random_init_eat_seed42,0,NatureLM,165,8250,9.278927023213654,2.756255250559213,1.9556951653964103,False
random_init_eat_seed42,0,Watkins,153,7650,11.561271382957685,2.9759697841555894,2.2827338326238276,True
random_init_eat_seed42,0,WavCaps,35,1750,8.625515102440831,2.6285453938693424,8.694107378219098,False
random_init_eat_seed42,0,Xeno-canto,322,16100,10.410570205058388,2.7893696998379105,21.019641116989966,True
random_init_eat_seed42,0,iNaturalist,115,5750,11.773278534871052,3.058169553032339,8.775559015355514,True
random_init_eat_seed42,1,Animal Sound Archive,10,500,10.212794322033567,3.029541486772822,10.016616523322291,True
random_init_eat_seed42,1,NatureLM,165,8250,9.908644375273601,2.9242143992871847,8.287181288131965,False
random_init_eat_seed42,1,Watkins,153,7650,12.013405285674205,3.054663887743144,2.354516012898304,True
random_init_eat_seed42,1,WavCaps,35,1750,8.515889712631184,2.567891418090105,11.11490668091078,False
random_init_eat_seed42,1,Xeno-canto,322,16100,10.691360470300856,2.84437674274179,23.89144776368849,True
random_init_eat_seed42,1,iNaturalist,115,5750,12.533681741184697,3.2468007660611335,22.84512124524336,True
random_init_eat_seed42,2,Animal Sound Archive,10,500,10.118204255615174,3.1083742948927937,8.514411204952436,True
random_init_eat_seed42,2,NatureLM,165,8250,10.222822131012673,3.1708279447047856,8.030353424762945,False
random_init_eat_seed42,2,Watkins,153,7650,12.440329529331434,3.138385273728133,2.201136853635152,True
random_init_eat_seed42,2,WavCaps,35,1750,9.053776624824701,2.7207208771170976,9.948349347197793,False
random_init_eat_seed42,2,Xeno-canto,322,16100,11.425785321413493,3.0233698648140077,21.568121878714916,True
random_init_eat_seed42,2,iNaturalist,115,5750,13.394638206119163,3.5192742720740933,19.82617353989602,True
random_init_eat_seed42,3,Animal Sound Archive,10,500,10.917072127954965,3.105764722237238,7.245892949663093,True
random_init_eat_seed42,3,NatureLM,165,8250,10.101451781561533,3.322293743130087,7.318015759818513,False
random_init_eat_seed42,3,Watkins,153,7650,13.108958644775614,3.3017072521144533,2.2522307534006822,True
random_init_eat_seed42,3,WavCaps,35,1750,9.144851107877296,2.820621203399205,9.886653121918656,False
random_init_eat_seed42,3,Xeno-canto,322,16100,11.872265958597641,3.1757287361316933,19.57088394368937,True
random_init_eat_seed42,3,iNaturalist,115,5750,12.727496611347433,3.5184578717333093,20.086709559609872,True
random_init_eat_seed42,4,Animal Sound Archive,10,500,11.3020810905788,3.2001568859302765,6.731475609918326,True
random_init_eat_seed42,4,NatureLM,165,8250,9.828824484291236,3.408563439249776,7.813981154301253,False
random_init_eat_seed42,4,Watkins,153,7650,13.203709470525345,3.3697459329180606,2.343980309333069,True
random_init_eat_seed42,4,WavCaps,35,1750,9.86663331956581,3.0557576423181274,9.154636717109536,False
random_init_eat_seed42,4,Xeno-canto,322,16100,11.72018273435467,3.270312158084765,18.5554034737947,True
random_init_eat_seed42,4,iNaturalist,115,5750,12.358494618366311,3.5866034435172516,17.73686846358949,True
random_init_eat_seed42,5,Animal Sound Archive,10,500,11.431759508324994,3.2909288960432295,6.477343933303807,True
random_init_eat_seed42,5,NatureLM,165,8250,9.220938700795589,3.372743389207096,8.001410348177432,False
random_init_eat_seed42,5,Watkins,153,7650,13.504486755974533,3.4723518495413557,2.2015749970914866,True
random_init_eat_seed42,5,WavCaps,35,1750,10.129935113408028,3.181561992287557,8.579653079311996,False
random_init_eat_seed42,5,Xeno-canto,322,16100,11.769397646306617,3.3157779187367504,18.056465044206043,True
random_init_eat_seed42,5,iNaturalist,115,5750,11.770587194400544,3.5233472586771595,18.021819150871078,True
random_init_eat_seed42,6,Animal Sound Archive,10,500,11.646558872223007,3.38104317337659,6.79405506505641,True
random_init_eat_seed42,6,NatureLM,165,8250,8.730747058148902,3.2640187729874945,7.353635495416951,False
random_init_eat_seed42,6,Watkins,153,7650,13.634356150973158,3.581229458747582,2.180464118571568,True
random_init_eat_seed42,6,WavCaps,35,1750,10.327427635940888,3.304992684835974,8.127787739163606,False
random_init_eat_seed42,6,Xeno-canto,322,16100,11.718402782488328,3.3702149741196994,17.08756425851721,True
random_init_eat_seed42,6,iNaturalist,115,5750,11.39363298103203,3.508297268902221,18.23544628561146,True
random_init_eat_seed42,7,Animal Sound Archive,10,500,10.592587230919003,3.1828010012329,6.187728566225188,True
random_init_eat_seed42,7,NatureLM,165,8250,8.356879432258681,3.200036810734381,7.230244375946141,False
random_init_eat_seed42,7,Watkins,153,7650,13.728732026850652,3.6496285129204766,2.2715291196832212,True
random_init_eat_seed42,7,WavCaps,35,1750,10.882231436371642,3.493832670144889,7.904454833718847,False
random_init_eat_seed42,7,Xeno-canto,322,16100,11.634444912620204,3.4541539131314045,16.554327121057497,True
random_init_eat_seed42,7,iNaturalist,115,5750,10.765706811222897,3.4164133666648033,17.45176667929133,True
random_init_eat_seed42,8,Animal Sound Archive,10,500,12.756394523313528,3.6327804829408064,6.088051447634385,True
random_init_eat_seed42,8,NatureLM,165,8250,7.848632368970549,3.0607711862780747,7.5171161774334365,False
random_init_eat_seed42,8,Watkins,153,7650,14.296023461010604,3.8727393069068996,2.3984165615642308,True
random_init_eat_seed42,8,WavCaps,35,1750,10.931844861070852,3.6137189386434274,7.912935858924692,False
random_init_eat_seed42,8,Xeno-canto,322,16100,11.355129014166117,3.4846745367412275,15.595054745281614,True
random_init_eat_seed42,8,iNaturalist,115,5750,10.8353043689448,3.470821963285787,16.211025203398297,True
random_init_eat_seed42,9,Animal Sound Archive,10,500,12.915138071836614,3.6438957614992873,6.364000319307273,True
random_init_eat_seed42,9,NatureLM,165,8250,7.254442238845699,2.876251913216528,7.304801250488154,False
random_init_eat_seed42,9,Watkins,153,7650,14.249785843703743,3.937254524197445,2.3338530123638876,True
random_init_eat_seed42,9,WavCaps,35,1750,10.971911656796404,3.6763694072868214,7.731734872469684,False
random_init_eat_seed42,9,Xeno-canto,322,16100,11.196139022727035,3.4612533929226643,15.224067786338946,True
random_init_eat_seed42,9,iNaturalist,115,5750,9.915823044526583,3.2734876924960474,16.165111745117315,True
random_init_eat_seed42,10,Animal Sound Archive,10,500,12.040495136463901,3.536850688956861,5.679858670409691,True
random_init_eat_seed42,10,NatureLM,165,8250,6.784497325679239,2.728701621807208,7.355489592312305,False
random_init_eat_seed42,10,Watkins,153,7650,14.290240072278346,4.073446614364517,2.2608272273525887,True
random_init_eat_seed42,10,WavCaps,35,1750,10.70948535015432,3.6953392836301036,7.501858702926704,False
random_init_eat_seed42,10,Xeno-canto,322,16100,10.781092716903439,3.4179099541123104,15.174444429157887,True
random_init_eat_seed42,10,iNaturalist,115,5750,9.509242833342395,3.178253316194297,15.649014733649286,True
random_init_eat_seed42,11,Animal Sound Archive,10,500,12.648415925937986,3.664089867636792,5.571374870925966,True
random_init_eat_seed42,11,NatureLM,165,8250,6.341151357354955,2.585143912705441,7.244901361065073,False
random_init_eat_seed42,11,Watkins,153,7650,13.785413747297822,4.05964253476738,2.3432338809220403,True
random_init_eat_seed42,11,WavCaps,35,1750,10.817742128692316,3.6862745839153757,7.564531592316797,False
random_init_eat_seed42,11,Xeno-canto,322,16100,10.382227868671393,3.3339900466127848,14.685087566217481,True
random_init_eat_seed42,11,iNaturalist,115,5750,8.911793503365585,2.9896447590812616,15.111286795803696,True
random_init_eat_seed42,12,Animal Sound Archive,10,500,11.847626833101582,3.534197481919834,5.522830123394082,True
random_init_eat_seed42,12,NatureLM,165,8250,5.854323681732967,2.4304520695403844,7.248282704891289,False
random_init_eat_seed42,12,Watkins,153,7650,14.31058134979659,4.293203965609279,2.3522038612075313,True
random_init_eat_seed42,12,WavCaps,35,1750,10.168859408927572,3.641805697191756,6.873503786255639,False
random_init_eat_seed42,12,Xeno-canto,322,16100,10.065940023227718,3.2739160595026786,14.01763938644323,True
random_init_eat_seed42,12,iNaturalist,115,5750,8.43753490908948,2.8654328598660075,15.356550445542563,True
