model,layer_idx,species,n_clips,within_var,centroid_norm,cos_to_global_bio_centroid,class
eat_all,0,Lagenorhynchus acutus,6,0.3239854501209244,0.22648948652676912,0.9192400678123261,Mammalia
eat_all,0,Delphinus delphis,8,0.3344244567865786,0.21279076562828622,0.8597850655927662,Mammalia
eat_all,0,Balaenoptera physalus,8,0.3481271446325694,0.2582996849171118,0.6523196750653366,Mammalia
eat_all,0,Erithacus rubecula,6,0.33240929770319194,0.15167828473644565,0.7992881888768073,Aves
eat_all,0,Parus major,6,0.34429623217015876,0.13680646156011061,0.8512421552975933,Aves
eat_all,0,Stenella coeruleoalba,5,0.3202484881596,0.22760346100748127,0.8978144041706425,Mammalia
eat_all,0,Megaptera novaeangliae,8,0.3376470041217619,0.18671261100720957,0.8993963802891627,Mammalia
eat_all,0,Anthus trivialis,5,0.35786919043772014,0.15136095456518553,0.7555332725290573,Aves
eat_all,0,Globicephala macrorhynchus,7,0.3314447097683593,0.21164401437978678,0.8388744083296799,Mammalia
eat_all,0,Orcinus orca,18,0.3390231574083983,0.21810243854035757,0.891703539699318,Mammalia
eat_all,0,Fringilla coelebs,14,0.3430394879091446,0.13734656901069547,0.8546443356925219,Aves
eat_all,0,Turdus merula,10,0.34092343798364355,0.15008462144233634,0.7916560794001485,Aves
eat_all,1,Lagenorhynchus acutus,6,22.22410187756889,2.0931666279901773,0.9345624746558102,Mammalia
eat_all,1,Delphinus delphis,8,24.37326036149808,1.810555842190549,0.9383771196784099,Mammalia
eat_all,1,Balaenoptera physalus,8,23.960699447045105,2.1543140360907147,0.7915539544963804,Mammalia
eat_all,1,Erithacus rubecula,6,24.59029481393243,1.6651564942494599,0.8827980644819345,Aves
eat_all,1,Parus major,6,25.55549190094422,1.5613567548343292,0.9011457982120644,Aves
eat_all,1,Stenella coeruleoalba,5,22.61146250489869,2.027282756155084,0.9415136506336622,Mammalia
eat_all,1,Megaptera novaeangliae,8,24.312804052550426,1.718246534939928,0.9705470120140611,Mammalia
eat_all,1,Anthus trivialis,5,26.50786404937574,1.553601102420046,0.879390139177422,Aves
eat_all,1,Globicephala macrorhynchus,7,23.77130006184419,1.8297540171447308,0.9438960643558515,Mammalia
eat_all,1,Orcinus orca,18,23.289434185925185,2.038491737111404,0.9020492443911982,Mammalia
eat_all,1,Fringilla coelebs,14,25.425445850704445,1.5390671035681176,0.9132418773705049,Aves
eat_all,1,Turdus merula,10,25.33832945718489,1.5834633243668803,0.9243976054083393,Aves
eat_all,2,Lagenorhynchus acutus,6,22.6818808974893,2.3044187729560814,0.9030693930198315,Mammalia
eat_all,2,Delphinus delphis,8,24.87263884621385,2.122383388139149,0.9130427918710265,Mammalia
eat_all,2,Balaenoptera physalus,8,25.94687476724166,2.3865787940790737,0.6514789112399394,Mammalia
eat_all,2,Erithacus rubecula,6,25.081891518885048,2.094563433070261,0.9121237606216438,Aves
eat_all,2,Parus major,6,26.853835605658315,1.9335332753349332,0.9110212823462502,Aves
eat_all,2,Stenella coeruleoalba,5,22.989958664820158,2.278646887451835,0.9079578856414515,Mammalia
eat_all,2,Megaptera novaeangliae,8,25.59746120769369,1.9632279966971802,0.9555703326849005,Mammalia
eat_all,2,Anthus trivialis,5,26.486629396850315,2.0892869131299117,0.8282226877912143,Aves
eat_all,2,Globicephala macrorhynchus,7,24.229345157050098,2.094632375809242,0.9207830961235836,Mammalia
eat_all,2,Orcinus orca,18,25.68125314384824,1.9999174752899105,0.8974379973468497,Mammalia
eat_all,2,Fringilla coelebs,14,26.479936354544197,1.9620463348292523,0.936956209889814,Aves
eat_all,2,Turdus merula,10,26.603122032049658,1.952092351765348,0.9242471785080515,Aves
eat_all,3,Lagenorhynchus acutus,6,22.64725471979711,2.7794598266298487,0.904581758130745,Mammalia
eat_all,3,Delphinus delphis,8,25.224910076399627,2.4628697961279515,0.9100413695670018,Mammalia
eat_all,3,Balaenoptera physalus,8,24.97736494748314,2.691886554350465,0.6542776110133067,Mammalia
eat_all,3,Erithacus rubecula,6,26.17690627167108,2.457490448644932,0.9071001653417531,Aves
eat_all,3,Parus major,6,27.658834958849795,2.266119730597703,0.8986642256406141,Aves
eat_all,3,Stenella coeruleoalba,5,23.381560198730245,2.6752294507795513,0.9142105411450836,Mammalia
eat_all,3,Megaptera novaeangliae,8,26.64382683767505,2.2359521082410656,0.9531088634565075,Mammalia
eat_all,3,Anthus trivialis,5,27.351193242032092,2.4057974133546924,0.8639297805386117,Aves
eat_all,3,Globicephala macrorhynchus,7,24.36738192732658,2.4684510286403176,0.9173908732665572,Mammalia
eat_all,3,Orcinus orca,18,26.351489615194392,2.2474582075091507,0.9124615124125989,Mammalia
eat_all,3,Fringilla coelebs,14,27.447569658151576,2.261798450087088,0.9289228727944417,Aves
eat_all,3,Turdus merula,10,27.183736903334044,2.310686565550798,0.9167101018047225,Aves
eat_all,4,Lagenorhynchus acutus,6,41.55405751209283,3.6628571769555496,0.889486204731778,Mammalia
eat_all,4,Delphinus delphis,8,46.63613058631393,3.2650856922274967,0.8856989135540908,Mammalia
eat_all,4,Balaenoptera physalus,8,45.06273860045405,3.7432376898540047,0.6194185262615951,Mammalia
eat_all,4,Erithacus rubecula,6,48.22316108010373,3.119342644686431,0.8803048698403645,Aves
eat_all,4,Parus major,6,50.98722734397901,2.8077382101622472,0.8688755688461436,Aves
eat_all,4,Stenella coeruleoalba,5,43.856898689429116,3.393672906434952,0.8877232782449551,Mammalia
eat_all,4,Megaptera novaeangliae,8,49.348653329635106,2.8107871580046155,0.9171777285544551,Mammalia
eat_all,4,Anthus trivialis,5,50.80123632011908,2.9038131186007576,0.8058914454440407,Aves
eat_all,4,Globicephala macrorhynchus,7,44.99213718571076,3.256882563473225,0.8901365923712443,Mammalia
eat_all,4,Orcinus orca,18,48.529860004793186,2.9633709296012833,0.8741273537232506,Mammalia
eat_all,4,Fringilla coelebs,14,50.659767481723364,2.825607067635177,0.9122882393910022,Aves
eat_all,4,Turdus merula,10,50.84704899082167,2.840096721245966,0.8850059487528041,Aves
eat_all,5,Lagenorhynchus acutus,6,51.45249447457312,3.890270452127957,0.8793437058772305,Mammalia
eat_all,5,Delphinus delphis,8,54.44365544434063,3.6188550413934117,0.8585674992359503,Mammalia
eat_all,5,Balaenoptera physalus,8,50.66432044133731,4.199323911196734,0.5791800563259972,Mammalia
eat_all,5,Erithacus rubecula,6,57.19898325533676,3.364588731187136,0.8399781203127841,Aves
eat_all,5,Parus major,6,59.88529000648136,2.9326598654658764,0.8622277791617491,Aves
eat_all,5,Stenella coeruleoalba,5,52.202122023641685,3.8682785945092655,0.857667987323923,Mammalia
eat_all,5,Megaptera novaeangliae,8,57.96373081227446,3.105446808289676,0.8641107604665139,Mammalia
eat_all,5,Anthus trivialis,5,58.69536510771677,3.0933982930966275,0.7810636802664732,Aves
eat_all,5,Globicephala macrorhynchus,7,54.38838891827645,3.516504028414047,0.8847750514201036,Mammalia
eat_all,5,Orcinus orca,18,56.73199532959465,3.2516218400977968,0.8442904581432095,Mammalia
eat_all,5,Fringilla coelebs,14,59.61062742436079,2.9635558091642156,0.8768754681661632,Aves
eat_all,5,Turdus merula,10,60.008275910280894,2.946736172446556,0.8680819460096205,Aves
eat_all,6,Lagenorhynchus acutus,6,43.22614676295601,4.070875252459503,0.8747589828166656,Mammalia
eat_all,6,Delphinus delphis,8,46.06026021042501,3.7556932292246556,0.8747625170890889,Mammalia
eat_all,6,Balaenoptera physalus,8,39.37306442856114,4.6168646731044,0.6022066312759123,Mammalia
eat_all,6,Erithacus rubecula,6,48.1556943085358,3.5234983720747053,0.870313193288589,Aves
eat_all,6,Parus major,6,50.27146863651969,3.2176689518636135,0.8801750197876962,Aves
eat_all,6,Stenella coeruleoalba,5,43.22869993792786,4.05956088226546,0.8364178232617107,Mammalia
eat_all,6,Megaptera novaeangliae,8,47.162105004895835,3.542650187908503,0.8145041284063667,Mammalia
eat_all,6,Anthus trivialis,5,48.88199514834457,3.383270390307037,0.813036791946538,Aves
eat_all,6,Globicephala macrorhynchus,7,46.233885256369824,3.7475760435550085,0.8876115795058562,Mammalia
eat_all,6,Orcinus orca,18,47.9569925344793,3.4640381954561517,0.8586642164968893,Mammalia
eat_all,6,Fringilla coelebs,14,50.29482376506077,3.209920592054896,0.9035798373964901,Aves
eat_all,6,Turdus merula,10,50.24565699495082,3.205297003825858,0.8849418040668371,Aves
eat_all,7,Lagenorhynchus acutus,6,59.60530348853989,4.898996098098607,0.8704851203691695,Mammalia
eat_all,7,Delphinus delphis,8,63.81373643720797,4.521580468668353,0.8846437303052536,Mammalia
eat_all,7,Balaenoptera physalus,8,57.38098701494369,5.330287743120133,0.6137743917293802,Mammalia
eat_all,7,Erithacus rubecula,6,62.67525344587528,4.469909849405136,0.8786275255187004,Aves
eat_all,7,Parus major,6,67.5501892087688,4.018874809375279,0.8926998349237448,Aves
eat_all,7,Stenella coeruleoalba,5,60.01811051692723,4.919074242590207,0.8634114140240513,Mammalia
eat_all,7,Megaptera novaeangliae,8,65.76557575250264,4.33348676360723,0.8484825866300137,Mammalia
eat_all,7,Anthus trivialis,5,66.46431674444597,4.160454095475652,0.8524051207793013,Aves
eat_all,7,Globicephala macrorhynchus,7,63.770754970671966,4.500887066310861,0.8832581620891271,Mammalia
eat_all,7,Orcinus orca,18,66.67342160422915,4.2197067659674925,0.8794901537160188,Mammalia
eat_all,7,Fringilla coelebs,14,66.52156280693048,4.0985440048254675,0.9126661271597868,Aves
eat_all,7,Turdus merula,10,66.22524286643784,4.154573529232393,0.8975162073150522,Aves
eat_all,8,Lagenorhynchus acutus,6,53.27482273511816,4.569156088028673,0.8947344201952936,Mammalia
eat_all,8,Delphinus delphis,8,56.85341532125127,4.416102280638265,0.8943650841176376,Mammalia
eat_all,8,Balaenoptera physalus,8,56.893174474429976,4.844197605336053,0.6969596986755999,Mammalia
eat_all,8,Erithacus rubecula,6,56.07634656808802,4.28115421387848,0.8892149611051998,Aves
eat_all,8,Parus major,6,60.43097151083046,4.031236795216534,0.9123202307421251,Aves
eat_all,8,Stenella coeruleoalba,5,56.41672632221944,4.586841873483691,0.869841075429299,Mammalia
eat_all,8,Megaptera novaeangliae,8,60.304570245277716,4.159581944504019,0.8951852466190611,Mammalia
eat_all,8,Anthus trivialis,5,59.917281133611475,4.078686465414308,0.8787943831800977,Aves
eat_all,8,Globicephala macrorhynchus,7,57.11019045199698,4.274738082956855,0.8971884948720623,Mammalia
eat_all,8,Orcinus orca,18,59.628407903875406,4.087960465357346,0.9028212047942554,Mammalia
eat_all,8,Fringilla coelebs,14,59.635807805606234,4.042609662028722,0.9314104349111801,Aves
eat_all,8,Turdus merula,10,59.26050773508063,4.097857726831505,0.9071199833827923,Aves
eat_all,9,Lagenorhynchus acutus,6,36.95769137431973,4.014860796936707,0.8826277604589309,Mammalia
eat_all,9,Delphinus delphis,8,39.60886869105368,3.7703459990411767,0.9113566988986844,Mammalia
eat_all,9,Balaenoptera physalus,8,36.61724920724132,4.292762268346671,0.6910268493412244,Mammalia
eat_all,9,Erithacus rubecula,6,39.423076174732124,3.5889330620061064,0.8967474313688484,Aves
eat_all,9,Parus major,6,40.7174510197,3.5139097820845553,0.9122965500438938,Aves
eat_all,9,Stenella coeruleoalba,5,38.17171540538301,3.986307872324649,0.882929907087344,Mammalia
eat_all,9,Megaptera novaeangliae,8,41.042263104066315,3.60946961126107,0.9076788430932051,Mammalia
eat_all,9,Anthus trivialis,5,40.496985741626325,3.6475709794424938,0.8731938489003771,Aves
eat_all,9,Globicephala macrorhynchus,7,38.76864765004562,3.785183683765517,0.898691709122723,Mammalia
eat_all,9,Orcinus orca,18,40.86914438925025,3.5501984684843415,0.9050427851235027,Mammalia
eat_all,9,Fringilla coelebs,14,40.80611818937767,3.467724510572529,0.9328107334862655,Aves
eat_all,9,Turdus merula,10,40.66479168630336,3.53727715588975,0.9106610895936177,Aves
eat_all,10,Lagenorhynchus acutus,6,22.962050810117944,3.172861739129222,0.8823816988842751,Mammalia
eat_all,10,Delphinus delphis,8,24.378643587867273,2.968428593465609,0.914201085269112,Mammalia
eat_all,10,Balaenoptera physalus,8,23.081254013854213,3.168384195684181,0.7144162115878515,Mammalia
eat_all,10,Erithacus rubecula,6,24.854803942784656,2.7509564814877776,0.8677541051279821,Aves
eat_all,10,Parus major,6,25.857736909148052,2.657104800139631,0.9021338057462113,Aves
eat_all,10,Stenella coeruleoalba,5,23.461654091022936,3.1498784853501247,0.8895064622705494,Mammalia
eat_all,10,Megaptera novaeangliae,8,25.549284503384765,2.7395764743556503,0.9133325614705627,Mammalia
eat_all,10,Anthus trivialis,5,25.72532438187398,2.7122918904565196,0.8783810696350243,Aves
eat_all,10,Globicephala macrorhynchus,7,24.63239990774035,2.886902599523297,0.8963913621939529,Mammalia
eat_all,10,Orcinus orca,18,25.290249833433805,2.7280047873769324,0.8966968548651181,Mammalia
eat_all,10,Fringilla coelebs,14,25.865404616821625,2.6181889864061914,0.9139249437136385,Aves
eat_all,10,Turdus merula,10,25.64181906161051,2.651682432618353,0.8881500378443857,Aves
eat_all,11,Lagenorhynchus acutus,6,29.407246418821185,3.5127714926892875,0.8771319107903384,Mammalia
eat_all,11,Delphinus delphis,8,31.237633840672444,3.283915934831313,0.9054005328410508,Mammalia
eat_all,11,Balaenoptera physalus,8,30.24909354445543,3.43085907630126,0.7524999446013112,Mammalia
eat_all,11,Erithacus rubecula,6,32.47800048863886,2.9936107511335006,0.8679641050689885,Aves
eat_all,11,Parus major,6,33.63973928600744,2.887831314619507,0.8878194938577073,Aves
eat_all,11,Stenella coeruleoalba,5,30.5145782714337,3.4253466793418204,0.889515985918418,Mammalia
eat_all,11,Megaptera novaeangliae,8,32.9567027391306,2.9847367319897,0.9288904132184702,Mammalia
eat_all,11,Anthus trivialis,5,33.43796485027464,2.924201069723548,0.8769208126184107,Aves
eat_all,11,Globicephala macrorhynchus,7,30.956803158383394,3.261747197407307,0.8877275106310677,Mammalia
eat_all,11,Orcinus orca,18,32.005115929931904,3.076811237558366,0.882925536615441,Mammalia
eat_all,11,Fringilla coelebs,14,33.551342125837564,2.863843218446491,0.9061011718379596,Aves
eat_all,11,Turdus merula,10,33.31344089015384,2.911778848488533,0.8799887521955968,Aves
eat_all,12,Lagenorhynchus acutus,6,14.63576326314737,4.439480274083097,0.9832769655510383,Mammalia
eat_all,12,Delphinus delphis,8,15.288756545030795,4.404717376996789,0.98891728544488,Mammalia
eat_all,12,Balaenoptera physalus,8,14.566162825037287,4.569845965968787,0.9734677338702785,Mammalia
eat_all,12,Erithacus rubecula,6,16.327097996896402,5.161985227558897,0.9899917162756556,Aves
eat_all,12,Parus major,6,18.3517738890981,5.610650967518642,0.989233585655526,Aves
eat_all,12,Stenella coeruleoalba,5,15.632696055791289,4.576959470613701,0.9817584879234772,Mammalia
eat_all,12,Megaptera novaeangliae,8,17.164474487474973,4.6470257437347176,0.9898926050807532,Mammalia
eat_all,12,Anthus trivialis,5,20.368231296760847,5.735707987653936,0.9849962226300565,Aves
eat_all,12,Globicephala macrorhynchus,7,15.647995167047203,4.335979601944803,0.979828503871255,Mammalia
eat_all,12,Orcinus orca,18,15.106116612050593,4.313973891214151,0.9865628146911145,Mammalia
eat_all,12,Fringilla coelebs,14,18.003123109340184,5.480493038329047,0.9914033930104983,Aves
eat_all,12,Turdus merula,10,17.379625834879022,5.428638048636897,0.990345117265167,Aves
eat_bio,0,Lagenorhynchus acutus,6,0.22693010943766817,0.2534951651967288,0.9269757953548776,Mammalia
eat_bio,0,Delphinus delphis,8,0.24430848910699587,0.24944998401366902,0.8646439153252609,Mammalia
eat_bio,0,Balaenoptera physalus,8,0.3084940873412247,0.3177042761871233,0.6544068766821972,Mammalia
eat_bio,0,Erithacus rubecula,6,0.22559108875760908,0.20897972017793523,0.8976496717706974,Aves
eat_bio,0,Parus major,6,0.26051773968426273,0.19500235339267002,0.9199131219521648,Aves
eat_bio,0,Stenella coeruleoalba,5,0.21979145022130261,0.25895532984702285,0.8937667769287029,Mammalia
eat_bio,0,Megaptera novaeangliae,8,0.24379507802813447,0.22889172906130903,0.9040253120231639,Mammalia
eat_bio,0,Anthus trivialis,5,0.2859264405260598,0.21117131388046978,0.8532537743273688,Aves
eat_bio,0,Globicephala macrorhynchus,7,0.23370052129704164,0.24701582934009922,0.8419229220401867,Mammalia
eat_bio,0,Orcinus orca,18,0.25175711296383174,0.25825053106041024,0.8809660407457482,Mammalia
eat_bio,0,Fringilla coelebs,14,0.2514997878641681,0.1966962450424532,0.9276912594469918,Aves
eat_bio,0,Turdus merula,10,0.2499970398994571,0.20960440924723878,0.8924103645824407,Aves
eat_bio,1,Lagenorhynchus acutus,6,4.16996816177972,1.3389875755126535,0.9263872088370839,Mammalia
eat_bio,1,Delphinus delphis,8,5.027122421640205,1.0966778334834613,0.9305206962730437,Mammalia
eat_bio,1,Balaenoptera physalus,8,5.388459612217953,1.459790665833244,0.7947927817154342,Mammalia
eat_bio,1,Erithacus rubecula,6,5.106903238317761,0.8741523386355547,0.8342500973138333,Aves
eat_bio,1,Parus major,6,5.628867967960769,0.7949779849935341,0.7873835117279573,Aves
eat_bio,1,Stenella coeruleoalba,5,4.249100435652952,1.2625634395341432,0.9340311193389995,Mammalia
eat_bio,1,Megaptera novaeangliae,8,5.050324218234106,1.0099275067475588,0.9638061811862015,Mammalia
eat_bio,1,Anthus trivialis,5,6.145149597584233,0.8432767885516843,0.7397638187550176,Aves
eat_bio,1,Globicephala macrorhynchus,7,4.645244750609832,1.128271240425376,0.9301487692072699,Mammalia
eat_bio,1,Orcinus orca,18,4.764067275291974,1.368739018918189,0.9068847884221747,Mammalia
eat_bio,1,Fringilla coelebs,14,5.599229226904434,0.8021174214536572,0.8469023409572694,Aves
eat_bio,1,Turdus merula,10,5.513455584079452,0.8335809528677315,0.8767315191259747,Aves
eat_bio,2,Lagenorhynchus acutus,6,20.218370869989887,2.272342516145998,0.9277472391959591,Mammalia
eat_bio,2,Delphinus delphis,8,21.541708774227608,2.0707117988430914,0.9362866487975259,Mammalia
eat_bio,2,Balaenoptera physalus,8,20.414349442468094,2.3360662746107708,0.7738225338633513,Mammalia
eat_bio,2,Erithacus rubecula,6,22.804068180666437,1.8903218437772933,0.8982603030765792,Aves
eat_bio,2,Parus major,6,23.45899455340087,1.7469846047593123,0.9045151675600608,Aves
eat_bio,2,Stenella coeruleoalba,5,20.680160994456045,2.2376328120804443,0.9354541091242901,Mammalia
eat_bio,2,Megaptera novaeangliae,8,22.383125071246177,1.9749790632699904,0.9641246953017557,Mammalia
eat_bio,2,Anthus trivialis,5,22.86555476231401,1.7698115913728587,0.8524976825279372,Aves
eat_bio,2,Globicephala macrorhynchus,7,21.226931115762735,2.1369801384835165,0.9379385161036712,Mammalia
eat_bio,2,Orcinus orca,18,21.30403979417049,2.1200046370857106,0.9198615887500522,Mammalia
eat_bio,2,Fringilla coelebs,14,23.385615809369526,1.7535228564794019,0.9218253418910977,Aves
eat_bio,2,Turdus merula,10,23.407956038917423,1.7660608135571145,0.9065433142564254,Aves
eat_bio,3,Lagenorhynchus acutus,6,19.101569158033385,2.5356888723985995,0.9242418004795518,Mammalia
eat_bio,3,Delphinus delphis,8,20.714018121121917,2.342840526129159,0.9313334761453577,Mammalia
eat_bio,3,Balaenoptera physalus,8,19.790132982419607,2.5361399336462784,0.7846176645141105,Mammalia
eat_bio,3,Erithacus rubecula,6,22.021629899086705,2.193469081854597,0.9103438335339645,Aves
eat_bio,3,Parus major,6,22.65143277986114,2.0564510510311136,0.9150586642651961,Aves
eat_bio,3,Stenella coeruleoalba,5,19.72533259376215,2.495645842168354,0.9374057769977462,Mammalia
eat_bio,3,Megaptera novaeangliae,8,21.82836403511895,2.161678298691713,0.9721108983978095,Mammalia
eat_bio,3,Anthus trivialis,5,20.99197556240334,2.190932287499553,0.8609367040756857,Aves
eat_bio,3,Globicephala macrorhynchus,7,20.34276050093942,2.3250629228340496,0.9363841309538697,Mammalia
eat_bio,3,Orcinus orca,18,20.01529976964591,2.31310934435837,0.9245764765937499,Mammalia
eat_bio,3,Fringilla coelebs,14,22.480547915890178,2.0581907221570255,0.9386972293528927,Aves
eat_bio,3,Turdus merula,10,22.51417038946741,2.1072178101303694,0.9229117243536228,Aves
eat_bio,4,Lagenorhynchus acutus,6,22.046814738529754,2.852053453798741,0.8957145030223779,Mammalia
eat_bio,4,Delphinus delphis,8,24.707806593126843,2.460114104585706,0.8824720402187208,Mammalia
eat_bio,4,Balaenoptera physalus,8,24.242913429789574,2.667788038741277,0.6395396964450982,Mammalia
eat_bio,4,Erithacus rubecula,6,26.314966083072903,2.1114269982698803,0.8297855885034321,Aves
eat_bio,4,Parus major,6,27.553510465407854,1.8984402029810235,0.8124521723672191,Aves
eat_bio,4,Stenella coeruleoalba,5,23.36531518942769,2.6034530589914913,0.9065201432855605,Mammalia
eat_bio,4,Megaptera novaeangliae,8,26.18667884644835,2.0913989906633796,0.9334377077756865,Mammalia
eat_bio,4,Anthus trivialis,5,26.900563626483788,2.0407632464546523,0.7257110433332115,Aves
eat_bio,4,Globicephala macrorhynchus,7,24.20367918525534,2.501309480581252,0.8962635307205221,Mammalia
eat_bio,4,Orcinus orca,18,25.024813348801253,2.344389034456566,0.8657918458695879,Mammalia
eat_bio,4,Fringilla coelebs,14,27.51214403900749,1.881602639195509,0.8779510230209395,Aves
eat_bio,4,Turdus merula,10,27.5332823750433,1.8954110767853607,0.8296033560864238,Aves
eat_bio,5,Lagenorhynchus acutus,6,30.845777004968326,3.200861968346167,0.8815317269223923,Mammalia
eat_bio,5,Delphinus delphis,8,33.067785648196825,2.8914036912005088,0.8869852704900439,Mammalia
eat_bio,5,Balaenoptera physalus,8,31.303326218813027,3.138656672081185,0.6602594378087709,Mammalia
eat_bio,5,Erithacus rubecula,6,34.9737674741781,2.6746989866074644,0.8247842717990942,Aves
eat_bio,5,Parus major,6,36.28595718929892,2.377358098293906,0.8531439817496409,Aves
eat_bio,5,Stenella coeruleoalba,5,31.812080786642362,3.0904768223846264,0.889947982960297,Mammalia
eat_bio,5,Megaptera novaeangliae,8,35.097307015474065,2.5044340519114745,0.9250841044066669,Mammalia
eat_bio,5,Anthus trivialis,5,35.237426926961774,2.5025623286725116,0.7773219216243408,Aves
eat_bio,5,Globicephala macrorhynchus,7,32.67262389581723,2.8927357520017964,0.8969374535249411,Mammalia
eat_bio,5,Orcinus orca,18,33.62929170730234,2.6911705522493907,0.8697037262388453,Mammalia
eat_bio,5,Fringilla coelebs,14,36.18679475413464,2.391540231924062,0.8731195619747502,Aves
eat_bio,5,Turdus merula,10,36.144691499990905,2.400615487480354,0.8542433148875297,Aves
eat_bio,6,Lagenorhynchus acutus,6,28.946971202976115,3.177255825067523,0.883210392385418,Mammalia
eat_bio,6,Delphinus delphis,8,30.7485207297571,2.8639155611309213,0.8862076215080655,Mammalia
eat_bio,6,Balaenoptera physalus,8,27.967967230284444,3.2936608496951947,0.6515098549596484,Mammalia
eat_bio,6,Erithacus rubecula,6,31.38401619932407,2.8417225940237474,0.8631571093402808,Aves
eat_bio,6,Parus major,6,32.50680103664201,2.5659241635678693,0.8798418948715782,Aves
eat_bio,6,Stenella coeruleoalba,5,29.631104713815144,3.062636914703944,0.889732382095696,Mammalia
eat_bio,6,Megaptera novaeangliae,8,32.38692244770957,2.508858240975613,0.9140648680300818,Mammalia
eat_bio,6,Anthus trivialis,5,31.169405594822223,2.6347948895418334,0.8105894004785855,Aves
eat_bio,6,Globicephala macrorhynchus,7,30.57210128385389,2.8786860696434093,0.8986847449404748,Mammalia
eat_bio,6,Orcinus orca,18,31.259305816782597,2.6637869986436167,0.8718533134954721,Mammalia
eat_bio,6,Fringilla coelebs,14,32.58877620921663,2.524637625907714,0.9043758175249971,Aves
eat_bio,6,Turdus merula,10,32.29219691786536,2.5929642573253355,0.8856457644790698,Aves
eat_bio,7,Lagenorhynchus acutus,6,33.345203050951994,3.633858873348644,0.8878110299286196,Mammalia
eat_bio,7,Delphinus delphis,8,35.4489482967439,3.401840975382532,0.893912217945814,Mammalia
eat_bio,7,Balaenoptera physalus,8,32.92187488662396,3.9065837405401407,0.6602810889133938,Mammalia
eat_bio,7,Erithacus rubecula,6,36.07375883614415,3.2677034981661546,0.8628227722959041,Aves
eat_bio,7,Parus major,6,38.676690787919014,2.9546000256122937,0.886123254815107,Aves
eat_bio,7,Stenella coeruleoalba,5,33.45501597577469,3.553666413937909,0.8963120351898897,Mammalia
eat_bio,7,Megaptera novaeangliae,8,37.564809778462035,3.0990104539871055,0.8662799400920072,Mammalia
eat_bio,7,Anthus trivialis,5,37.33252202924159,3.1265990378216277,0.8158891847547961,Aves
eat_bio,7,Globicephala macrorhynchus,7,35.32173215537879,3.2749683725063683,0.9029855214884277,Mammalia
eat_bio,7,Orcinus orca,18,36.49451706650854,3.2151912256887023,0.8871557687879654,Mammalia
eat_bio,7,Fringilla coelebs,14,38.20690297866345,2.992788988568447,0.9038633203925142,Aves
eat_bio,7,Turdus merula,10,37.38601762686159,3.092186337339466,0.889474601422982,Aves
eat_bio,8,Lagenorhynchus acutus,6,27.14892032975537,3.3213326689099953,0.8922431586109316,Mammalia
eat_bio,8,Delphinus delphis,8,28.4619465581785,3.259732453623959,0.9004039691475858,Mammalia
eat_bio,8,Balaenoptera physalus,8,28.096227674505045,3.5214182907436196,0.6997798098336568,Mammalia
eat_bio,8,Erithacus rubecula,6,29.79153532477906,2.984297619270086,0.8540253671595126,Aves
eat_bio,8,Parus major,6,31.767097155814213,2.729650505509824,0.8962628153150408,Aves
eat_bio,8,Stenella coeruleoalba,5,27.75195405590353,3.26604847453726,0.9019629748355534,Mammalia
eat_bio,8,Megaptera novaeangliae,8,31.17910444954269,2.828031051708804,0.9049680290257467,Mammalia
eat_bio,8,Anthus trivialis,5,31.432308304642973,2.7830139195894787,0.852347321914455,Aves
eat_bio,8,Globicephala macrorhynchus,7,28.9150441208982,3.0794243366542906,0.9021333898616805,Mammalia
eat_bio,8,Orcinus orca,18,29.554752429630824,3.050555696231564,0.8997548814357037,Mammalia
eat_bio,8,Fringilla coelebs,14,31.577024697533542,2.7351910175725083,0.9069711645747301,Aves
eat_bio,8,Turdus merula,10,30.85776129371831,2.8242914605885487,0.8783390240753123,Aves
eat_bio,9,Lagenorhynchus acutus,6,19.398824985892855,2.9560459124940084,0.8896769172631179,Mammalia
eat_bio,9,Delphinus delphis,8,20.95001798013948,2.7450554327109598,0.9099240380202396,Mammalia
eat_bio,9,Balaenoptera physalus,8,20.15262919325038,3.0117552744675913,0.7102074113070569,Mammalia
eat_bio,9,Erithacus rubecula,6,21.740615588539374,2.4134943446856325,0.8508817290030167,Aves
eat_bio,9,Parus major,6,22.861404619236485,2.3201253445183947,0.8810497792081159,Aves
eat_bio,9,Stenella coeruleoalba,5,20.425520609528473,2.7731729151445887,0.9080536319375259,Mammalia
eat_bio,9,Megaptera novaeangliae,8,22.572030909499254,2.440523272696687,0.919339721163016,Mammalia
eat_bio,9,Anthus trivialis,5,22.71399116154182,2.4466546162135443,0.8240063126225307,Aves
eat_bio,9,Globicephala macrorhynchus,7,20.67245147110547,2.736520642270725,0.9078509864500575,Mammalia
eat_bio,9,Orcinus orca,18,21.30153981976587,2.6603859724316514,0.905057725191997,Mammalia
eat_bio,9,Fringilla coelebs,14,22.875900827584765,2.267910960182821,0.9048089732228783,Aves
eat_bio,9,Turdus merula,10,22.40847157961744,2.332393581814908,0.8782778852911024,Aves
eat_bio,10,Lagenorhynchus acutus,6,14.076461087809712,2.708610022780023,0.8817184153853498,Mammalia
eat_bio,10,Delphinus delphis,8,15.66406556342566,2.397293109429684,0.9113984606436124,Mammalia
eat_bio,10,Balaenoptera physalus,8,15.535325286388211,2.5550315285955256,0.745254537893097,Mammalia
eat_bio,10,Erithacus rubecula,6,16.875779524600933,1.8801503724678104,0.7575295589604599,Aves
eat_bio,10,Parus major,6,17.668237629331657,1.8429182815795417,0.8235332962410826,Aves
eat_bio,10,Stenella coeruleoalba,5,14.710344955146443,2.5464638498566625,0.8922368583106679,Mammalia
eat_bio,10,Megaptera novaeangliae,8,17.257932237479718,2.0940663221422673,0.9216127175225675,Mammalia
eat_bio,10,Anthus trivialis,5,17.58283005051959,1.9897968212021817,0.7778411622611087,Aves
eat_bio,10,Globicephala macrorhynchus,7,15.38538347851762,2.4368889818890995,0.8999537950799704,Mammalia
eat_bio,10,Orcinus orca,18,15.837198818756391,2.394167359911096,0.8987250904972138,Mammalia
eat_bio,10,Fringilla coelebs,14,17.737804404848216,1.8022531647706557,0.8410251311103584,Aves
eat_bio,10,Turdus merula,10,17.367975993658344,1.8543542472055978,0.8002077198833779,Aves
eat_bio,11,Lagenorhynchus acutus,6,13.981636634125856,2.7488085649853944,0.8985224855771285,Mammalia
eat_bio,11,Delphinus delphis,8,15.101935835871167,2.5370908577645377,0.929174767681278,Mammalia
eat_bio,11,Balaenoptera physalus,8,14.876220006052375,2.607449839521402,0.805402576198522,Mammalia
eat_bio,11,Erithacus rubecula,6,16.38668674358469,2.253750110543969,0.8395724091363342,Aves
eat_bio,11,Parus major,6,16.88651934192762,2.157014169246663,0.8763852754624676,Aves
eat_bio,11,Stenella coeruleoalba,5,14.47674646362715,2.644848932418913,0.9145752333151427,Mammalia
eat_bio,11,Megaptera novaeangliae,8,16.6658688483125,2.2124324418846593,0.9487265227957237,Mammalia
eat_bio,11,Anthus trivialis,5,17.019781975380223,2.1849034798982587,0.8597220582305751,Aves
eat_bio,11,Globicephala macrorhynchus,7,15.016215166460949,2.530877988149192,0.9135156294902567,Mammalia
eat_bio,11,Orcinus orca,18,15.201420293979824,2.4949967864950184,0.9063094335628398,Mammalia
eat_bio,11,Fringilla coelebs,14,17.126695457327177,2.0553324770067305,0.8939850633092727,Aves
eat_bio,11,Turdus merula,10,16.840356815362153,2.102834866843899,0.8649285992417882,Aves
eat_bio,12,Lagenorhynchus acutus,6,10.686325069293716,3.989613615492886,0.9749342090289017,Mammalia
eat_bio,12,Delphinus delphis,8,11.313848232543073,4.023987921314173,0.9870586912649739,Mammalia
eat_bio,12,Balaenoptera physalus,8,12.41054943655332,3.8991959346712712,0.952391187229745,Mammalia
eat_bio,12,Erithacus rubecula,6,11.510562694660127,3.496855283492648,0.9763161646578663,Aves
eat_bio,12,Parus major,6,12.376059184116517,3.620392378029762,0.9799280342707507,Aves
eat_bio,12,Stenella coeruleoalba,5,11.386416636612498,4.153494745142653,0.9788019146047547,Mammalia
eat_bio,12,Megaptera novaeangliae,8,14.140045871891822,4.215133902940455,0.9925337098718658,Mammalia
eat_bio,12,Anthus trivialis,5,14.649194605900455,4.000632518357939,0.978206332104666,Aves
eat_bio,12,Globicephala macrorhynchus,7,11.111606203647424,3.893732804051127,0.9812602141322319,Mammalia
eat_bio,12,Orcinus orca,18,12.530059046383341,4.105695930973615,0.9812392332290688,Mammalia
eat_bio,12,Fringilla coelebs,14,13.47971348298235,3.7214470054638444,0.9837556523662567,Aves
eat_bio,12,Turdus merula,10,11.993191855963525,3.6436764745443013,0.9773513454331422,Aves
sl_eat_all_ssl_all,0,Lagenorhynchus acutus,6,1.004943377146061,0.3684242094150214,0.8699223639222465,Mammalia
sl_eat_all_ssl_all,0,Delphinus delphis,8,1.1477224105573032,0.3165475077908382,0.687314234756142,Mammalia
sl_eat_all_ssl_all,0,Balaenoptera physalus,8,1.0460123117982993,0.5946890063691309,0.7636738866945644,Mammalia
sl_eat_all_ssl_all,0,Erithacus rubecula,6,0.9656638168401116,0.29902410987440337,0.847364347503993,Aves
sl_eat_all_ssl_all,0,Parus major,6,1.0478194656908302,0.2614758424584567,0.8783489448810232,Aves
sl_eat_all_ssl_all,0,Stenella coeruleoalba,5,0.9580645863393699,0.3574689859364175,0.8057006959979867,Mammalia
sl_eat_all_ssl_all,0,Megaptera novaeangliae,8,1.061609416300929,0.28189447941451184,0.7913136116543487,Mammalia
sl_eat_all_ssl_all,0,Anthus trivialis,5,1.1583628683201677,0.34273889878761016,0.8187030793485792,Aves
sl_eat_all_ssl_all,0,Globicephala macrorhynchus,7,1.0741363729710196,0.31154213180703466,0.6532080774062042,Mammalia
sl_eat_all_ssl_all,0,Orcinus orca,18,1.0363358399913847,0.4472199644891676,0.9150462155648421,Mammalia
sl_eat_all_ssl_all,0,Fringilla coelebs,14,1.0447716421449034,0.26110812944208783,0.8875147086919719,Aves
sl_eat_all_ssl_all,0,Turdus merula,10,1.0558224002436785,0.3117413026405855,0.8531888013136134,Aves
sl_eat_all_ssl_all,1,Lagenorhynchus acutus,6,24.62839159490004,2.8219698997496145,0.9668327624352645,Mammalia
sl_eat_all_ssl_all,1,Delphinus delphis,8,28.46547863378034,2.18678850165311,0.916205344256764,Mammalia
sl_eat_all_ssl_all,1,Balaenoptera physalus,8,23.49878536199638,3.3232388552415526,0.890483780763826,Mammalia
sl_eat_all_ssl_all,1,Erithacus rubecula,6,28.820088818734195,1.7594768941450645,0.8518258016111471,Aves
sl_eat_all_ssl_all,1,Parus major,6,29.79185541415126,1.6223393311422927,0.8934493719412074,Aves
sl_eat_all_ssl_all,1,Stenella coeruleoalba,5,25.641259321143743,2.6737185317929013,0.9674276841259097,Mammalia
sl_eat_all_ssl_all,1,Megaptera novaeangliae,8,28.466793590131054,2.041668277202194,0.9693793296569349,Mammalia
sl_eat_all_ssl_all,1,Anthus trivialis,5,29.82596232379086,1.8089560380909473,0.9070561895347269,Aves
sl_eat_all_ssl_all,1,Globicephala macrorhynchus,7,27.22360370735917,2.320823671698925,0.9589301263832722,Mammalia
sl_eat_all_ssl_all,1,Orcinus orca,18,24.972100338986372,2.988295356902022,0.9436831946288469,Mammalia
sl_eat_all_ssl_all,1,Fringilla coelebs,14,30.081912930339,1.585215438661685,0.9104720057579376,Aves
sl_eat_all_ssl_all,1,Turdus merula,10,29.664469674963897,1.6265136205288135,0.8869564430301452,Aves
sl_eat_all_ssl_all,2,Lagenorhynchus acutus,6,28.869337489114514,3.103104140102709,0.9368905620722738,Mammalia
sl_eat_all_ssl_all,2,Delphinus delphis,8,33.380127917318845,2.5520141987252436,0.901717395343056,Mammalia
sl_eat_all_ssl_all,2,Balaenoptera physalus,8,28.9535643916726,3.2263694874449564,0.8060301892530619,Mammalia
sl_eat_all_ssl_all,2,Erithacus rubecula,6,32.99904459043332,2.1276464478851698,0.8439996305466608,Aves
sl_eat_all_ssl_all,2,Parus major,6,34.87123099446835,1.7557622828518962,0.7820020132218373,Aves
sl_eat_all_ssl_all,2,Stenella coeruleoalba,5,30.48252475157466,2.9286936936397097,0.9419065886557889,Mammalia
sl_eat_all_ssl_all,2,Megaptera novaeangliae,8,34.518111164733,2.1792385280919726,0.9600098125779557,Mammalia
sl_eat_all_ssl_all,2,Anthus trivialis,5,33.44604240387556,1.8848426037281898,0.7942201141828877,Aves
sl_eat_all_ssl_all,2,Globicephala macrorhynchus,7,33.09399142077454,2.478693342059999,0.9332081979259655,Mammalia
sl_eat_all_ssl_all,2,Orcinus orca,18,30.582700618709474,2.93781952186561,0.9062527636335346,Mammalia
sl_eat_all_ssl_all,2,Fringilla coelebs,14,34.30948033022758,1.980282122782317,0.8855198619920046,Aves
sl_eat_all_ssl_all,2,Turdus merula,10,35.264174714927144,1.8523438867162896,0.83647297590658,Aves
sl_eat_all_ssl_all,3,Lagenorhynchus acutus,6,26.08227734202111,3.0236794726461205,0.922178935627351,Mammalia
sl_eat_all_ssl_all,3,Delphinus delphis,8,30.796782610399124,2.6574313604692374,0.8808498042569846,Mammalia
sl_eat_all_ssl_all,3,Balaenoptera physalus,8,27.631394573439295,3.27199277816533,0.7925986756832387,Mammalia
sl_eat_all_ssl_all,3,Erithacus rubecula,6,32.53511042951337,1.9674198707428898,0.7493571412998896,Aves
sl_eat_all_ssl_all,3,Parus major,6,33.75033163468276,1.7097881170958105,0.708364407656643,Aves
sl_eat_all_ssl_all,3,Stenella coeruleoalba,5,28.54567409465693,2.9504228051321206,0.9228803817253958,Mammalia
sl_eat_all_ssl_all,3,Megaptera novaeangliae,8,33.376903993059194,2.0982773373559773,0.9431331938423428,Mammalia
sl_eat_all_ssl_all,3,Anthus trivialis,5,31.864598574448152,2.0054977221311985,0.7439434637016529,Aves
sl_eat_all_ssl_all,3,Globicephala macrorhynchus,7,30.101570741643012,2.5104353793539893,0.90605290819707,Mammalia
sl_eat_all_ssl_all,3,Orcinus orca,18,29.328548378624173,2.822503506098547,0.8921927251082176,Mammalia
sl_eat_all_ssl_all,3,Fringilla coelebs,14,33.859122201943606,1.7360067791758704,0.8073517194978508,Aves
sl_eat_all_ssl_all,3,Turdus merula,10,33.61187312982779,1.7576649854293536,0.7504087207877264,Aves
sl_eat_all_ssl_all,4,Lagenorhynchus acutus,6,52.464124273984226,4.540024037576124,0.9187487771148442,Mammalia
sl_eat_all_ssl_all,4,Delphinus delphis,8,58.216489788910025,3.9711785690451786,0.8704400218484403,Mammalia
sl_eat_all_ssl_all,4,Balaenoptera physalus,8,50.61986544796815,4.766935368667315,0.7664176846195176,Mammalia
sl_eat_all_ssl_all,4,Erithacus rubecula,6,63.9947623870798,2.649886968336785,0.6601222697060328,Aves
sl_eat_all_ssl_all,4,Parus major,6,66.17060340034804,2.3518198840889983,0.5876719531507074,Aves
sl_eat_all_ssl_all,4,Stenella coeruleoalba,5,54.41165875502994,4.2599421050130095,0.9095792191477209,Mammalia
sl_eat_all_ssl_all,4,Megaptera novaeangliae,8,62.264635338184696,3.0494677541466864,0.9163332499085333,Mammalia
sl_eat_all_ssl_all,4,Anthus trivialis,5,63.941041240521834,2.6050763447169625,0.6167884366564819,Aves
sl_eat_all_ssl_all,4,Globicephala macrorhynchus,7,57.88490432790501,3.8708514941499024,0.9011042849936738,Mammalia
sl_eat_all_ssl_all,4,Orcinus orca,18,55.48117961434137,4.106454356580086,0.884946255359137,Mammalia
sl_eat_all_ssl_all,4,Fringilla coelebs,14,66.00809925736272,2.3698979204301023,0.7485436384207951,Aves
sl_eat_all_ssl_all,4,Turdus merula,10,66.38195146346136,2.2678792948078996,0.6522295643081834,Aves
sl_eat_all_ssl_all,5,Lagenorhynchus acutus,6,53.20339888180742,4.522338804866248,0.9172328273643852,Mammalia
sl_eat_all_ssl_all,5,Delphinus delphis,8,57.03662199603218,4.184620759682471,0.8761021930453202,Mammalia
sl_eat_all_ssl_all,5,Balaenoptera physalus,8,49.30296650427583,4.828247690178348,0.775131072362514,Mammalia
sl_eat_all_ssl_all,5,Erithacus rubecula,6,67.77388684232457,2.734143690104254,0.5880686128072521,Aves
sl_eat_all_ssl_all,5,Parus major,6,68.96168612232005,2.3007670147718886,0.5502860878753183,Aves
sl_eat_all_ssl_all,5,Stenella coeruleoalba,5,53.629200228925896,4.5525775665668675,0.906944531090308,Mammalia
sl_eat_all_ssl_all,5,Megaptera novaeangliae,8,64.35937338832763,3.1841644362089885,0.899362468917619,Mammalia
sl_eat_all_ssl_all,5,Anthus trivialis,5,67.85415409531403,2.58257413056524,0.5401841359634181,Aves
sl_eat_all_ssl_all,5,Globicephala macrorhynchus,7,57.111843633798664,4.054056564242616,0.8982606834327103,Mammalia
sl_eat_all_ssl_all,5,Orcinus orca,18,56.859344038396024,4.176464152056244,0.890764815338827,Mammalia
sl_eat_all_ssl_all,5,Fringilla coelebs,14,69.50782939383255,2.2634894011680484,0.6632705537075638,Aves
sl_eat_all_ssl_all,5,Turdus merula,10,69.04788322483222,2.210578066968501,0.5764419407875668,Aves
sl_eat_all_ssl_all,6,Lagenorhynchus acutus,6,47.65664600424631,4.515969524774697,0.9066256167001493,Mammalia
sl_eat_all_ssl_all,6,Delphinus delphis,8,51.04903953063471,4.090872116941851,0.866025519956078,Mammalia
sl_eat_all_ssl_all,6,Balaenoptera physalus,8,43.98414351525585,4.807305055596571,0.789926624961178,Mammalia
sl_eat_all_ssl_all,6,Erithacus rubecula,6,59.261914284518646,2.5997312561991603,0.6208064147653839,Aves
sl_eat_all_ssl_all,6,Parus major,6,60.08825345460243,2.4893374692260943,0.6041013496430422,Aves
sl_eat_all_ssl_all,6,Stenella coeruleoalba,5,48.44375957609575,4.489296189163208,0.9030382696977913,Mammalia
sl_eat_all_ssl_all,6,Megaptera novaeangliae,8,56.46334058876326,3.2018783525283916,0.8838753741899987,Mammalia
sl_eat_all_ssl_all,6,Anthus trivialis,5,56.900749556451174,2.820031857916364,0.5674508372952548,Aves
sl_eat_all_ssl_all,6,Globicephala macrorhynchus,7,49.901739122362905,4.126077268818199,0.887745599976505,Mammalia
sl_eat_all_ssl_all,6,Orcinus orca,18,51.66543592635532,4.045529630705167,0.8905734888133281,Mammalia
sl_eat_all_ssl_all,6,Fringilla coelebs,14,59.9065041485987,2.2830564381508704,0.7164184942340058,Aves
sl_eat_all_ssl_all,6,Turdus merula,10,60.03297224968878,2.337859951212318,0.5932204047254227,Aves
sl_eat_all_ssl_all,7,Lagenorhynchus acutus,6,55.32701469701215,5.005553908865253,0.8859801817483003,Mammalia
sl_eat_all_ssl_all,7,Delphinus delphis,8,58.365100351075114,4.6140471913646985,0.8306306502501941,Mammalia
sl_eat_all_ssl_all,7,Balaenoptera physalus,8,47.211290365017774,5.5770873894177555,0.7774976774601889,Mammalia
sl_eat_all_ssl_all,7,Erithacus rubecula,6,66.21465641931376,3.2900023733469554,0.6634962069321269,Aves
sl_eat_all_ssl_all,7,Parus major,6,66.73835260754325,3.2668248654603866,0.6442496316579197,Aves
sl_eat_all_ssl_all,7,Stenella coeruleoalba,5,56.310537294228446,4.916760817224508,0.8990795670968346,Mammalia
sl_eat_all_ssl_all,7,Megaptera novaeangliae,8,64.37461053720432,3.766540466903423,0.8562469773664941,Mammalia
sl_eat_all_ssl_all,7,Anthus trivialis,5,62.3988935760919,3.5588512084023773,0.6283861004079958,Aves
sl_eat_all_ssl_all,7,Globicephala macrorhynchus,7,57.66221856688989,4.621290450735632,0.8763101536785634,Mammalia
sl_eat_all_ssl_all,7,Orcinus orca,18,58.62907441614044,4.533136693582943,0.8811210909688794,Mammalia
sl_eat_all_ssl_all,7,Fringilla coelebs,14,66.16377831028302,2.9812202602572904,0.7419894342146152,Aves
sl_eat_all_ssl_all,7,Turdus merula,10,67.88844260096228,3.071972994504377,0.6888142419137263,Aves
sl_eat_all_ssl_all,8,Lagenorhynchus acutus,6,55.85105453357011,4.514483186460002,0.876735059946863,Mammalia
sl_eat_all_ssl_all,8,Delphinus delphis,8,58.33880863860609,4.151775229124093,0.8465215603391448,Mammalia
sl_eat_all_ssl_all,8,Balaenoptera physalus,8,49.651428140119386,5.0909683467851305,0.8182556984543121,Mammalia
sl_eat_all_ssl_all,8,Erithacus rubecula,6,63.26964598393286,3.1472075816293814,0.6215703478667229,Aves
sl_eat_all_ssl_all,8,Parus major,6,64.42166974172036,2.7832151752581455,0.6363898677337783,Aves
sl_eat_all_ssl_all,8,Stenella coeruleoalba,5,56.47835570841156,4.431174084963628,0.8804513913107402,Mammalia
sl_eat_all_ssl_all,8,Megaptera novaeangliae,8,62.625805715283335,3.3700610076998028,0.870702082146142,Mammalia
sl_eat_all_ssl_all,8,Anthus trivialis,5,61.35722914081377,3.0442605770493683,0.5760941674630419,Aves
sl_eat_all_ssl_all,8,Globicephala macrorhynchus,7,58.606299471478174,3.995876936799021,0.8579807923484599,Mammalia
sl_eat_all_ssl_all,8,Orcinus orca,18,56.95128570222238,4.175480102422069,0.886024236794981,Mammalia
sl_eat_all_ssl_all,8,Fringilla coelebs,14,64.11231540021744,2.9154031211319738,0.7279783868202044,Aves
sl_eat_all_ssl_all,8,Turdus merula,10,63.82579566475515,2.849940565707032,0.6521421473700031,Aves
sl_eat_all_ssl_all,9,Lagenorhynchus acutus,6,35.36349955496588,3.296092717019542,0.8671738279968527,Mammalia
sl_eat_all_ssl_all,9,Delphinus delphis,8,36.44969470035419,3.1475061571497487,0.7839970117393249,Mammalia
sl_eat_all_ssl_all,9,Balaenoptera physalus,8,32.06451355263939,3.654391846559733,0.7636854683034664,Mammalia
sl_eat_all_ssl_all,9,Erithacus rubecula,6,37.698917951055144,2.0993831981764344,0.5214759880735288,Aves
sl_eat_all_ssl_all,9,Parus major,6,39.02132583219511,2.040408771730708,0.5569397743807478,Aves
sl_eat_all_ssl_all,9,Stenella coeruleoalba,5,35.26571897817399,3.3325369194951526,0.8231567354681749,Mammalia
sl_eat_all_ssl_all,9,Megaptera novaeangliae,8,38.67752290938121,2.709965964518906,0.8166210947139636,Mammalia
sl_eat_all_ssl_all,9,Anthus trivialis,5,37.22060845808552,2.4027539345070226,0.5533752819077549,Aves
sl_eat_all_ssl_all,9,Globicephala macrorhynchus,7,35.84526570714237,3.169536846957393,0.8445570538610347,Mammalia
sl_eat_all_ssl_all,9,Orcinus orca,18,36.59043507488505,2.9873590020244682,0.8458710060738285,Mammalia
sl_eat_all_ssl_all,9,Fringilla coelebs,14,39.08717004350799,2.0280756008942324,0.6326573130893507,Aves
sl_eat_all_ssl_all,9,Turdus merula,10,38.79765429711531,2.0336889618009475,0.5400724705344563,Aves
sl_eat_all_ssl_all,10,Lagenorhynchus acutus,6,21.847034395835,2.445824107773368,0.8712888879622634,Mammalia
sl_eat_all_ssl_all,10,Delphinus delphis,8,22.775356973082534,2.289556002955072,0.7542615490061522,Mammalia
sl_eat_all_ssl_all,10,Balaenoptera physalus,8,19.776673676736195,2.609005215681292,0.7591106106692886,Mammalia
sl_eat_all_ssl_all,10,Erithacus rubecula,6,21.916775645812333,1.6578563884771886,0.6329236005622646,Aves
sl_eat_all_ssl_all,10,Parus major,6,22.276162444715045,1.654311950933919,0.6038216559154007,Aves
sl_eat_all_ssl_all,10,Stenella coeruleoalba,5,21.979930991536225,2.4258166241116896,0.8318758811482486,Mammalia
sl_eat_all_ssl_all,10,Megaptera novaeangliae,8,23.42653556227733,2.0391960749609126,0.7370065832921652,Mammalia
sl_eat_all_ssl_all,10,Anthus trivialis,5,21.891838779342564,1.948057651521487,0.5638914613876389,Aves
sl_eat_all_ssl_all,10,Globicephala macrorhynchus,7,22.15374172138047,2.3003560032738672,0.8415918760440589,Mammalia
sl_eat_all_ssl_all,10,Orcinus orca,18,22.027911007299423,2.1874145482670277,0.834082882253656,Mammalia
sl_eat_all_ssl_all,10,Fringilla coelebs,14,22.539159275762465,1.575990229618037,0.6268890519003318,Aves
sl_eat_all_ssl_all,10,Turdus merula,10,22.82678870233336,1.4119905933350585,0.6128385733551759,Aves
sl_eat_all_ssl_all,11,Lagenorhynchus acutus,6,8.047834319000588,1.3955561824627318,0.7553132315171507,Mammalia
sl_eat_all_ssl_all,11,Delphinus delphis,8,8.991479712506472,1.430374996671885,0.6397577405632112,Mammalia
sl_eat_all_ssl_all,11,Balaenoptera physalus,8,8.309788497273633,1.4576462794426723,0.8199180639265772,Mammalia
sl_eat_all_ssl_all,11,Erithacus rubecula,6,11.045658005998767,2.0449726794382928,0.7753700370122142,Aves
sl_eat_all_ssl_all,11,Parus major,6,11.065055510464772,1.8773253065166453,0.7944622911759072,Aves
sl_eat_all_ssl_all,11,Stenella coeruleoalba,5,7.8505829048435825,1.2689370450181983,0.651504983090792,Mammalia
sl_eat_all_ssl_all,11,Megaptera novaeangliae,8,9.314320679247754,1.120282209971087,0.665289961417529,Mammalia
sl_eat_all_ssl_all,11,Anthus trivialis,5,10.492691829614829,1.4546343595186937,0.7336136360190402,Aves
sl_eat_all_ssl_all,11,Globicephala macrorhynchus,7,8.43008155428489,1.2446640967901836,0.7213413966893739,Mammalia
sl_eat_all_ssl_all,11,Orcinus orca,18,9.123939824303957,1.253495522992928,0.7057271571420078,Mammalia
sl_eat_all_ssl_all,11,Fringilla coelebs,14,11.097449895577622,1.6554645013932512,0.8178151206537339,Aves
sl_eat_all_ssl_all,11,Turdus merula,10,11.513793750603368,1.6135153686617674,0.8079553976426009,Aves
sl_eat_all_ssl_all,12,Lagenorhynchus acutus,6,106.8673267883043,5.802385134611918,0.9048460584277505,Mammalia
sl_eat_all_ssl_all,12,Delphinus delphis,8,102.93936591406204,6.464476087057421,0.8820030960262845,Mammalia
sl_eat_all_ssl_all,12,Balaenoptera physalus,8,115.62376147406844,4.920637555550039,0.8930073388907223,Mammalia
sl_eat_all_ssl_all,12,Erithacus rubecula,6,125.07248422847968,3.856242565147793,0.4844159704471872,Aves
sl_eat_all_ssl_all,12,Parus major,6,122.57404158147382,3.8671395077868485,0.4686157588503956,Aves
sl_eat_all_ssl_all,12,Stenella coeruleoalba,5,103.06309762230828,6.777335496505932,0.9018468411897688,Mammalia
sl_eat_all_ssl_all,12,Megaptera novaeangliae,8,102.12720713254761,5.633857975066264,0.865021559591154,Mammalia
sl_eat_all_ssl_all,12,Anthus trivialis,5,115.94000597196937,3.8470062527246514,0.5353129769299401,Aves
sl_eat_all_ssl_all,12,Globicephala macrorhynchus,7,109.32502396448817,6.349696249044108,0.9237963025536738,Mammalia
sl_eat_all_ssl_all,12,Orcinus orca,18,104.04821168235625,6.3436843565608685,0.887028113025642,Mammalia
sl_eat_all_ssl_all,12,Fringilla coelebs,14,116.65576906258094,3.734902262039095,0.4535435698708094,Aves
sl_eat_all_ssl_all,12,Turdus merula,10,125.67059718225858,3.5615849188666533,0.49597065317337913,Aves
sl_eat_bio_ssl_all,0,Lagenorhynchus acutus,6,0.3689176179978325,0.2660550375522747,0.9376976630180991,Mammalia
sl_eat_bio_ssl_all,0,Delphinus delphis,8,0.38688200532539724,0.2615001002917565,0.8560899821653647,Mammalia
sl_eat_bio_ssl_all,0,Balaenoptera physalus,8,0.39681923770106586,0.30837576345396417,0.4897104507346267,Mammalia
sl_eat_bio_ssl_all,0,Erithacus rubecula,6,0.36981553950241924,0.1456950046247664,0.742669014585618,Aves
sl_eat_bio_ssl_all,0,Parus major,6,0.3939767607271647,0.12673658470980004,0.8172581679841057,Aves
sl_eat_bio_ssl_all,0,Stenella coeruleoalba,5,0.3581643346110246,0.2721849142796521,0.9112664997512131,Mammalia
sl_eat_bio_ssl_all,0,Megaptera novaeangliae,8,0.38809186958630065,0.2239758877681605,0.8840921923822205,Mammalia
sl_eat_bio_ssl_all,0,Anthus trivialis,5,0.4181300051393788,0.13854886778739495,0.6428704390420632,Aves
sl_eat_bio_ssl_all,0,Globicephala macrorhynchus,7,0.384880470055915,0.26671174616818544,0.8465686913694737,Mammalia
sl_eat_bio_ssl_all,0,Orcinus orca,18,0.3895252172862167,0.24533523173826846,0.8432156939096752,Mammalia
sl_eat_bio_ssl_all,0,Fringilla coelebs,14,0.3953196274986721,0.12797834345776696,0.8226958628443858,Aves
sl_eat_bio_ssl_all,0,Turdus merula,10,0.3890489952506948,0.13413172426353207,0.7166318457288775,Aves
sl_eat_bio_ssl_all,1,Lagenorhynchus acutus,6,21.378106519332206,2.545287410795599,0.9517792612493298,Mammalia
sl_eat_bio_ssl_all,1,Delphinus delphis,8,24.638201435386858,2.0171556444210235,0.9343028763261776,Mammalia
sl_eat_bio_ssl_all,1,Balaenoptera physalus,8,23.019394956032773,2.672684822077279,0.8402929979787849,Mammalia
sl_eat_bio_ssl_all,1,Erithacus rubecula,6,25.590933491236033,1.517415010260912,0.8123660219732427,Aves
sl_eat_bio_ssl_all,1,Parus major,6,26.63414426607414,1.441510255011793,0.8672741686236096,Aves
sl_eat_bio_ssl_all,1,Stenella coeruleoalba,5,21.770357412869707,2.4241379744945997,0.9541027390393818,Mammalia
sl_eat_bio_ssl_all,1,Megaptera novaeangliae,8,24.543740764281896,1.8718038756515007,0.9693782302464773,Mammalia
sl_eat_bio_ssl_all,1,Anthus trivialis,5,27.557025910486832,1.5896021641546612,0.8754647931901804,Aves
sl_eat_bio_ssl_all,1,Globicephala macrorhynchus,7,23.338375273046907,2.113902114009664,0.9527474335512928,Mammalia
sl_eat_bio_ssl_all,1,Orcinus orca,18,22.768516854657417,2.51312730380452,0.9274459556967338,Mammalia
sl_eat_bio_ssl_all,1,Fringilla coelebs,14,26.598052425910033,1.3909361841921435,0.8805363795709882,Aves
sl_eat_bio_ssl_all,1,Turdus merula,10,26.667770365901976,1.4393224120464425,0.873084021824595,Aves
sl_eat_bio_ssl_all,2,Lagenorhynchus acutus,6,26.603698479797814,2.504164972619906,0.9070862510024185,Mammalia
sl_eat_bio_ssl_all,2,Delphinus delphis,8,29.110782291335155,2.1725940218218307,0.8930867080133976,Mammalia
sl_eat_bio_ssl_all,2,Balaenoptera physalus,8,28.868987908216255,2.767049250197398,0.6997446896460467,Mammalia
sl_eat_bio_ssl_all,2,Erithacus rubecula,6,29.366630127326783,1.9855897620816423,0.860672208223357,Aves
sl_eat_bio_ssl_all,2,Parus major,6,31.4580670529164,1.7145906664019455,0.8369117499432143,Aves
sl_eat_bio_ssl_all,2,Stenella coeruleoalba,5,27.226724305965032,2.41549318653301,0.9053516595668171,Mammalia
sl_eat_bio_ssl_all,2,Megaptera novaeangliae,8,30.50803392739242,1.8750757864833463,0.9400861881066198,Mammalia
sl_eat_bio_ssl_all,2,Anthus trivialis,5,31.10864747101048,1.8788852121814503,0.793281815216299,Aves
sl_eat_bio_ssl_all,2,Globicephala macrorhynchus,7,28.985860563844813,2.163513818437599,0.9152740026844117,Mammalia
sl_eat_bio_ssl_all,2,Orcinus orca,18,29.631834848710238,2.2524938667063963,0.8734863949211795,Mammalia
sl_eat_bio_ssl_all,2,Fringilla coelebs,14,30.926082292234444,1.8263378475802747,0.8928148492883232,Aves
sl_eat_bio_ssl_all,2,Turdus merula,10,31.182179632937164,1.7851117867950266,0.8673568271514637,Aves
sl_eat_bio_ssl_all,3,Lagenorhynchus acutus,6,26.851430160132697,2.7305042193704856,0.8931161697521505,Mammalia
sl_eat_bio_ssl_all,3,Delphinus delphis,8,29.82760937514349,2.438940528702439,0.8832250185021393,Mammalia
sl_eat_bio_ssl_all,3,Balaenoptera physalus,8,28.863731960072922,2.89501045560789,0.6771947360074652,Mammalia
sl_eat_bio_ssl_all,3,Erithacus rubecula,6,31.19883204546403,2.306164630264174,0.859288366447598,Aves
sl_eat_bio_ssl_all,3,Parus major,6,32.761624865354776,2.094064200928428,0.8407711255507268,Aves
sl_eat_bio_ssl_all,3,Stenella coeruleoalba,5,28.078995404340006,2.6269862953548113,0.8846883870153553,Mammalia
sl_eat_bio_ssl_all,3,Megaptera novaeangliae,8,31.983044110577822,2.075274070727465,0.9351945487016682,Mammalia
sl_eat_bio_ssl_all,3,Anthus trivialis,5,31.96099797878821,2.3428665838817855,0.7995911023111842,Aves
sl_eat_bio_ssl_all,3,Globicephala macrorhynchus,7,29.112896551980086,2.3907400677119357,0.8868700960037482,Mammalia
sl_eat_bio_ssl_all,3,Orcinus orca,18,30.856265957325636,2.2618331966900813,0.8790732121317647,Mammalia
sl_eat_bio_ssl_all,3,Fringilla coelebs,14,32.713521763922174,2.0601657913182816,0.8925697784024849,Aves
sl_eat_bio_ssl_all,3,Turdus merula,10,32.494728598812294,2.1310014244823705,0.8725200567712954,Aves
sl_eat_bio_ssl_all,4,Lagenorhynchus acutus,6,50.56438961135927,3.575256212121029,0.8543934375746017,Mammalia
sl_eat_bio_ssl_all,4,Delphinus delphis,8,55.04278071410232,3.221483848928328,0.8358638409708204,Mammalia
sl_eat_bio_ssl_all,4,Balaenoptera physalus,8,49.06201870432227,4.167390416195073,0.6076686712379723,Mammalia
sl_eat_bio_ssl_all,4,Erithacus rubecula,6,58.38552665370468,2.7343455876630753,0.7950539384240561,Aves
sl_eat_bio_ssl_all,4,Parus major,6,60.72559519691441,2.4159964769519418,0.7699755546178608,Aves
sl_eat_bio_ssl_all,4,Stenella coeruleoalba,5,52.48880586982909,3.2987371026409384,0.8489078490847403,Mammalia
sl_eat_bio_ssl_all,4,Megaptera novaeangliae,8,58.14527296768814,2.609821077217728,0.8385694159264209,Mammalia
sl_eat_bio_ssl_all,4,Anthus trivialis,5,59.44879764031652,2.6823421333431754,0.6995793874728605,Aves
sl_eat_bio_ssl_all,4,Globicephala macrorhynchus,7,54.93424194636736,3.0598514472982705,0.8612021120237396,Mammalia
sl_eat_bio_ssl_all,4,Orcinus orca,18,57.4613801226757,2.800124542878568,0.8208605938126728,Mammalia
sl_eat_bio_ssl_all,4,Fringilla coelebs,14,60.52743204674617,2.409949761883127,0.8405030614675127,Aves
sl_eat_bio_ssl_all,4,Turdus merula,10,60.70559094969679,2.426440193070774,0.8009010638374646,Aves
sl_eat_bio_ssl_all,5,Lagenorhynchus acutus,6,58.58108683587423,3.609070096841096,0.8169935966222971,Mammalia
sl_eat_bio_ssl_all,5,Delphinus delphis,8,60.67545268287705,3.5483894119268986,0.8153132924122238,Mammalia
sl_eat_bio_ssl_all,5,Balaenoptera physalus,8,53.478886040153995,4.4626641798395665,0.6126918453183849,Mammalia
sl_eat_bio_ssl_all,5,Erithacus rubecula,6,65.4414220369879,2.884577257261232,0.7278886284034315,Aves
sl_eat_bio_ssl_all,5,Parus major,6,67.9279788074211,2.4548887815615283,0.7179920782868587,Aves
sl_eat_bio_ssl_all,5,Stenella coeruleoalba,5,58.57734603065133,3.711276745687774,0.8161406258888152,Mammalia
sl_eat_bio_ssl_all,5,Megaptera novaeangliae,8,64.97886117794887,2.845671960207292,0.7616281368874138,Mammalia
sl_eat_bio_ssl_all,5,Anthus trivialis,5,65.74963686226026,2.865862150550721,0.6294158700518759,Aves
sl_eat_bio_ssl_all,5,Globicephala macrorhynchus,7,61.55385812716748,3.2308462246077916,0.8282996463018278,Mammalia
sl_eat_bio_ssl_all,5,Orcinus orca,18,63.998791423654836,2.9908699982490052,0.7485935248532036,Mammalia
sl_eat_bio_ssl_all,5,Fringilla coelebs,14,68.14320975577037,2.395158728008963,0.7685358515758038,Aves
sl_eat_bio_ssl_all,5,Turdus merula,10,68.39146698873519,2.3622682864101274,0.7462981952430926,Aves
sl_eat_bio_ssl_all,6,Lagenorhynchus acutus,6,50.96790467623899,3.5012416523477596,0.7685894593361228,Mammalia
sl_eat_bio_ssl_all,6,Delphinus delphis,8,51.57792673952386,3.5010421453205915,0.7796150047796483,Mammalia
sl_eat_bio_ssl_all,6,Balaenoptera physalus,8,41.94880320883829,4.670238199797307,0.5440881674136229,Mammalia
sl_eat_bio_ssl_all,6,Erithacus rubecula,6,57.01513016976586,2.685511938778569,0.6759947723679344,Aves
sl_eat_bio_ssl_all,6,Parus major,6,58.52898545830273,2.427293575880155,0.6569362608460282,Aves
sl_eat_bio_ssl_all,6,Stenella coeruleoalba,5,49.05465123305605,3.792629225502282,0.7142577460517702,Mammalia
sl_eat_bio_ssl_all,6,Megaptera novaeangliae,8,47.73795440151079,3.918754757745454,0.5830599017603181,Mammalia
sl_eat_bio_ssl_all,6,Anthus trivialis,5,55.64996173229908,2.972353371409688,0.5825729984205738,Aves
sl_eat_bio_ssl_all,6,Globicephala macrorhynchus,7,54.14709877335051,3.114706325437268,0.7882252516086031,Mammalia
sl_eat_bio_ssl_all,6,Orcinus orca,18,54.48336402185239,3.006130763035706,0.7152839274521186,Mammalia
sl_eat_bio_ssl_all,6,Fringilla coelebs,14,58.99991354427344,2.3361660214845568,0.7148983648217451,Aves
sl_eat_bio_ssl_all,6,Turdus merula,10,58.68647367733989,2.3456515291831224,0.6791559514866611,Aves
sl_eat_bio_ssl_all,7,Lagenorhynchus acutus,6,70.68864863583902,4.471158132434471,0.7283542483022726,Mammalia
sl_eat_bio_ssl_all,7,Delphinus delphis,8,70.62769011104331,4.446246459081169,0.7356546959989265,Mammalia
sl_eat_bio_ssl_all,7,Balaenoptera physalus,8,57.780911003293085,5.74152870650844,0.5303800457757726,Mammalia
sl_eat_bio_ssl_all,7,Erithacus rubecula,6,75.56238555105712,3.683661603271179,0.7001796444625866,Aves
sl_eat_bio_ssl_all,7,Parus major,6,78.32139157716446,3.397593449366586,0.7089278601840796,Aves
sl_eat_bio_ssl_all,7,Stenella coeruleoalba,5,67.98411411677961,4.745448261867465,0.7180788806134437,Mammalia
sl_eat_bio_ssl_all,7,Megaptera novaeangliae,8,64.77501615035838,5.203598111698673,0.5461077435707902,Mammalia
sl_eat_bio_ssl_all,7,Anthus trivialis,5,73.15304479888273,4.098818062204985,0.5833557864065095,Aves
sl_eat_bio_ssl_all,7,Globicephala macrorhynchus,7,71.48959036369216,4.4563027999106035,0.7157352771685517,Mammalia
sl_eat_bio_ssl_all,7,Orcinus orca,18,75.10190609723358,4.02684025688944,0.6849010507213172,Mammalia
sl_eat_bio_ssl_all,7,Fringilla coelebs,14,78.11033504283033,3.364954176560866,0.7051988882019483,Aves
sl_eat_bio_ssl_all,7,Turdus merula,10,77.93828196002927,3.3623251525926205,0.7091080651749194,Aves
sl_eat_bio_ssl_all,8,Lagenorhynchus acutus,6,64.1154945416196,4.355768107133062,0.6902911066389299,Mammalia
sl_eat_bio_ssl_all,8,Delphinus delphis,8,62.67325742124692,4.577217153280801,0.7247662484005343,Mammalia
sl_eat_bio_ssl_all,8,Balaenoptera physalus,8,55.49449759882922,5.442131055570155,0.48118886720863524,Mammalia
sl_eat_bio_ssl_all,8,Erithacus rubecula,6,67.39012926280053,3.7492348789091494,0.7377139387203652,Aves
sl_eat_bio_ssl_all,8,Parus major,6,69.24559605537519,3.5964903514695385,0.7302012651563454,Aves
sl_eat_bio_ssl_all,8,Stenella coeruleoalba,5,61.17760120283997,4.743358901682683,0.7067065682456184,Mammalia
sl_eat_bio_ssl_all,8,Megaptera novaeangliae,8,61.35928990393261,4.741599633554569,0.5250676263008841,Mammalia
sl_eat_bio_ssl_all,8,Anthus trivialis,5,62.914699902569694,4.369053461883232,0.6373312189398854,Aves
sl_eat_bio_ssl_all,8,Globicephala macrorhynchus,7,66.17723644676154,4.030544955085484,0.6894982863836265,Mammalia
sl_eat_bio_ssl_all,8,Orcinus orca,18,67.02645590303334,3.9589600676402203,0.7070866433456734,Mammalia
sl_eat_bio_ssl_all,8,Fringilla coelebs,14,67.31073546193934,3.786098155433953,0.7315124800324319,Aves
sl_eat_bio_ssl_all,8,Turdus merula,10,69.70348915409365,3.543943990347669,0.7432834571020702,Aves
sl_eat_bio_ssl_all,9,Lagenorhynchus acutus,6,42.28277851696809,4.2437740875222385,0.6928465220904714,Mammalia
sl_eat_bio_ssl_all,9,Delphinus delphis,8,41.34791619019932,4.437324822029041,0.6765505124023443,Mammalia
sl_eat_bio_ssl_all,9,Balaenoptera physalus,8,37.10497202192351,4.911228310931144,0.5549575752821181,Mammalia
sl_eat_bio_ssl_all,9,Erithacus rubecula,6,47.56854168826851,3.4661370199041786,0.6900838771918422,Aves
sl_eat_bio_ssl_all,9,Parus major,6,47.639133268510676,3.51497219777449,0.7167106020687616,Aves
sl_eat_bio_ssl_all,9,Stenella coeruleoalba,5,38.69549598293767,4.742758610870769,0.6747209687907066,Mammalia
sl_eat_bio_ssl_all,9,Megaptera novaeangliae,8,42.566076843505115,4.359581548776703,0.5242997055428614,Mammalia
sl_eat_bio_ssl_all,9,Anthus trivialis,5,39.82620311949205,4.556480833634051,0.6334661508310563,Aves
sl_eat_bio_ssl_all,9,Globicephala macrorhynchus,7,46.18365295362716,3.7915615481152716,0.6911045637770193,Mammalia
sl_eat_bio_ssl_all,9,Orcinus orca,18,42.67961802568512,4.330724134873793,0.608820608207832,Mammalia
sl_eat_bio_ssl_all,9,Fringilla coelebs,14,47.839980475291846,3.36809329952166,0.716098314400097,Aves
sl_eat_bio_ssl_all,9,Turdus merula,10,48.38880733431653,3.3471343132245175,0.7008960117118203,Aves
sl_eat_bio_ssl_all,10,Lagenorhynchus acutus,6,25.32218006256358,3.220764416741132,0.6867218663121529,Mammalia
sl_eat_bio_ssl_all,10,Delphinus delphis,8,24.787797945724552,3.3684992890399,0.6641527539303239,Mammalia
sl_eat_bio_ssl_all,10,Balaenoptera physalus,8,22.96675714829863,3.6150406702784794,0.48970651793669995,Mammalia
sl_eat_bio_ssl_all,10,Erithacus rubecula,6,26.30150815079659,3.1689728181245713,0.7143197950377135,Aves
sl_eat_bio_ssl_all,10,Parus major,6,26.01912482212896,3.1821242249390207,0.7498599435232156,Aves
sl_eat_bio_ssl_all,10,Stenella coeruleoalba,5,22.97459788014502,3.6169678637937386,0.66575164483991,Mammalia
sl_eat_bio_ssl_all,10,Megaptera novaeangliae,8,24.09474989723525,3.4514291580729997,0.5283681671309551,Mammalia
sl_eat_bio_ssl_all,10,Anthus trivialis,5,23.36913394700274,3.573132624527082,0.6612261695481748,Aves
sl_eat_bio_ssl_all,10,Globicephala macrorhynchus,7,27.771017653624888,2.831261578299226,0.649219119507079,Mammalia
sl_eat_bio_ssl_all,10,Orcinus orca,18,25.372554084528417,3.2657871109410235,0.5966752292491098,Mammalia
sl_eat_bio_ssl_all,10,Fringilla coelebs,14,27.107544219517553,2.9919861938483834,0.7463234630091463,Aves
sl_eat_bio_ssl_all,10,Turdus merula,10,28.351097120961644,2.768803889581338,0.7304657610523605,Aves
sl_eat_bio_ssl_all,11,Lagenorhynchus acutus,6,23.190494277644035,3.6228978242024032,0.8046285278792774,Mammalia
sl_eat_bio_ssl_all,11,Delphinus delphis,8,23.786563998770475,3.4177125239168156,0.7627288227840141,Mammalia
sl_eat_bio_ssl_all,11,Balaenoptera physalus,8,23.64818740073716,3.489035956118845,0.6416530230031867,Mammalia
sl_eat_bio_ssl_all,11,Erithacus rubecula,6,25.733104895785313,3.4345281573265565,0.7801379687172817,Aves
sl_eat_bio_ssl_all,11,Parus major,6,24.96721165877426,3.457509836739145,0.8186582180785716,Aves
sl_eat_bio_ssl_all,11,Stenella coeruleoalba,5,21.20916604811366,3.854652768936109,0.7509279761922126,Mammalia
sl_eat_bio_ssl_all,11,Megaptera novaeangliae,8,24.029318517905786,3.4126092957104115,0.6864004752303448,Mammalia
sl_eat_bio_ssl_all,11,Anthus trivialis,5,24.53297250703849,3.5472520037921758,0.7322980536768171,Aves
sl_eat_bio_ssl_all,11,Globicephala macrorhynchus,7,25.17557077424974,3.284777562739228,0.7893275194069069,Mammalia
sl_eat_bio_ssl_all,11,Orcinus orca,18,23.49188309756401,3.685943175204763,0.7242576868266746,Mammalia
sl_eat_bio_ssl_all,11,Fringilla coelebs,14,26.99804563190467,3.223138251252353,0.8416091571532787,Aves
sl_eat_bio_ssl_all,11,Turdus merula,10,27.617475950740467,3.2322820917299264,0.7959933048040727,Aves
sl_eat_bio_ssl_all,12,Lagenorhynchus acutus,6,216.76381964376012,10.988597762108173,0.7114380335906269,Mammalia
sl_eat_bio_ssl_all,12,Delphinus delphis,8,231.1535734329001,10.77266788181745,0.7380107045892553,Mammalia
sl_eat_bio_ssl_all,12,Balaenoptera physalus,8,203.89033787985412,11.911364530294756,0.7605575505527803,Mammalia
sl_eat_bio_ssl_all,12,Erithacus rubecula,6,178.6657817729805,11.27707086378986,0.886212842179985,Aves
sl_eat_bio_ssl_all,12,Parus major,6,168.17129781870483,10.382527879997827,0.8973276536786394,Aves
sl_eat_bio_ssl_all,12,Stenella coeruleoalba,5,209.15079384281142,10.952502204654927,0.7439995477455184,Mammalia
sl_eat_bio_ssl_all,12,Megaptera novaeangliae,8,228.70239577374466,11.619882844649734,0.6420157028181692,Mammalia
sl_eat_bio_ssl_all,12,Anthus trivialis,5,163.56668533493055,11.665708942904896,0.831880364042891,Aves
sl_eat_bio_ssl_all,12,Globicephala macrorhynchus,7,225.14545129885823,9.850096579294364,0.736729444321375,Mammalia
sl_eat_bio_ssl_all,12,Orcinus orca,18,239.30864631759107,9.702935265074492,0.6503349586262744,Mammalia
sl_eat_bio_ssl_all,12,Fringilla coelebs,14,175.12934396579996,10.404756184161888,0.9122711714275807,Aves
sl_eat_bio_ssl_all,12,Turdus merula,10,182.4054198068697,11.183572154462135,0.910564983694048,Aves
random_init_eat_seed42,0,Lagenorhynchus acutus,6,692.3092590404026,8.696463671509607,0.8899155359987566,Mammalia
random_init_eat_seed42,0,Delphinus delphis,8,688.6931774571626,8.902068875141145,0.3271650250467069,Mammalia
random_init_eat_seed42,0,Balaenoptera physalus,8,314.5156935416858,21.294504905724835,0.7766933162149972,Mammalia
random_init_eat_seed42,0,Erithacus rubecula,6,640.8660900789441,11.273142430197481,0.9744399904006504,Aves
random_init_eat_seed42,0,Parus major,6,694.5785938422225,8.566177542055813,0.9872200648950394,Aves
random_init_eat_seed42,0,Stenella coeruleoalba,5,706.3345654522097,7.84860666612356,0.6073376621068772,Mammalia
random_init_eat_seed42,0,Megaptera novaeangliae,8,710.7482469550768,7.56362591784214,0.35243093534310854,Mammalia
random_init_eat_seed42,0,Anthus trivialis,5,586.1904084785625,13.48258864037688,0.9061028466433,Aves
random_init_eat_seed42,0,Globicephala macrorhynchus,7,707.5715872736553,7.769302763603394,0.18489511195739658,Mammalia
random_init_eat_seed42,0,Orcinus orca,18,513.0905082748935,15.963948318340236,0.8734372218622755,Mammalia
random_init_eat_seed42,0,Fringilla coelebs,14,679.8469851519362,9.386504623624269,0.9934650462619036,Aves
random_init_eat_seed42,0,Turdus merula,10,637.9064250711402,11.403956995722682,0.9605238936301513,Aves
random_init_eat_seed42,1,Lagenorhynchus acutus,6,637.6434540074932,11.417338811706864,0.8606690920882771,Mammalia
random_init_eat_seed42,1,Delphinus delphis,8,647.0727150075406,10.996653676924785,0.45458876454425917,Mammalia
random_init_eat_seed42,1,Balaenoptera physalus,8,296.33192200361293,21.71788970951373,0.7881493185198725,Mammalia
random_init_eat_seed42,1,Erithacus rubecula,6,637.9360772118958,11.404526330078163,0.8560640879507804,Aves
random_init_eat_seed42,1,Parus major,6,687.957488177504,8.946726660238086,0.885293050027998,Aves
random_init_eat_seed42,1,Stenella coeruleoalba,5,656.4528654594573,10.561630222626695,0.7295955222082653,Mammalia
random_init_eat_seed42,1,Megaptera novaeangliae,8,675.5479305477025,9.615098161056801,0.4942188790052735,Mammalia
random_init_eat_seed42,1,Anthus trivialis,5,578.165549444485,13.777948420954418,0.7531341592366307,Aves
random_init_eat_seed42,1,Globicephala macrorhynchus,7,654.1634202936408,10.66943407359541,0.3926955460451798,Mammalia
random_init_eat_seed42,1,Orcinus orca,18,501.5742538850625,16.32254175077511,0.9029369423881034,Mammalia
random_init_eat_seed42,1,Fringilla coelebs,14,683.1861971751432,9.209345003090021,0.9004980580875639,Aves
random_init_eat_seed42,1,Turdus merula,10,595.6664026366393,13.127548638538691,0.8110272648393542,Aves
random_init_eat_seed42,2,Lagenorhynchus acutus,6,590.9802657534666,13.304855326982606,0.8393646581355857,Mammalia
random_init_eat_seed42,2,Delphinus delphis,8,606.8357124194217,12.69501358326258,0.6214610227586009,Mammalia
random_init_eat_seed42,2,Balaenoptera physalus,8,319.0838780864469,21.187622107958422,0.7732529304352598,Mammalia
random_init_eat_seed42,2,Erithacus rubecula,6,625.6557177747103,11.930810817298005,0.7741691092728751,Aves
random_init_eat_seed42,2,Parus major,6,688.7807642331779,8.900533248700011,0.8041041860433875,Aves
random_init_eat_seed42,2,Stenella coeruleoalba,5,604.3580638987547,12.79225605080463,0.7026638563823697,Mammalia
random_init_eat_seed42,2,Megaptera novaeangliae,8,633.5212706906208,11.596534824726595,0.5515335359506274,Mammalia
random_init_eat_seed42,2,Anthus trivialis,5,579.6938043139243,13.722520410211715,0.6463184158881533,Aves
random_init_eat_seed42,2,Globicephala macrorhynchus,7,600.2248845476412,12.952753093305578,0.5260812469658921,Mammalia
random_init_eat_seed42,2,Orcinus orca,18,475.90540153953543,17.09073566139543,0.8954281328750416,Mammalia
random_init_eat_seed42,2,Fringilla coelebs,14,660.8460773161321,10.351488269436027,0.8579896186069031,Aves
random_init_eat_seed42,2,Turdus merula,10,582.9576803715167,13.603027559870592,0.7042714794667099,Aves
random_init_eat_seed42,3,Lagenorhynchus acutus,6,554.6557533019379,14.606227092267918,0.8206448596596683,Mammalia
random_init_eat_seed42,3,Delphinus delphis,8,569.7870194895675,14.078822189190165,0.6395422728895468,Mammalia
random_init_eat_seed42,3,Balaenoptera physalus,8,308.7333600453676,21.430526368747316,0.7898304205607527,Mammalia
random_init_eat_seed42,3,Erithacus rubecula,6,625.9885205740726,11.916855423488165,0.7223089132871378,Aves
random_init_eat_seed42,3,Parus major,6,673.9311128475916,9.698927230969884,0.7613276294049733,Aves
random_init_eat_seed42,3,Stenella coeruleoalba,5,562.7419225998224,14.326738306203165,0.7072041117432799,Mammalia
random_init_eat_seed42,3,Megaptera novaeangliae,8,607.2483546695622,12.678788827207624,0.6373507941734996,Mammalia
random_init_eat_seed42,3,Anthus trivialis,5,498.05388112173165,16.429981001904945,0.5829071671588295,Aves
random_init_eat_seed42,3,Globicephala macrorhynchus,7,561.1375157532733,14.382628225614525,0.5717177050944297,Mammalia
random_init_eat_seed42,3,Orcinus orca,18,443.6849633364427,18.008742500015234,0.8989045413331114,Mammalia
random_init_eat_seed42,3,Fringilla coelebs,14,661.2616525044436,10.331358002134012,0.8119643898845733,Aves
random_init_eat_seed42,3,Turdus merula,10,581.6539304868107,13.65081545608918,0.6378705945570666,Aves
random_init_eat_seed42,4,Lagenorhynchus acutus,6,513.3957076500482,15.956377180324555,0.8401917965926886,Mammalia
random_init_eat_seed42,4,Delphinus delphis,8,529.4156391464198,15.44615136683219,0.6928226617895794,Mammalia
random_init_eat_seed42,4,Balaenoptera physalus,8,301.9250829162309,21.58876172106417,0.7744958447149362,Mammalia
random_init_eat_seed42,4,Erithacus rubecula,6,610.9237355577084,12.532971331009477,0.6882258005083545,Aves
random_init_eat_seed42,4,Parus major,6,678.1441550188675,9.479163012435311,0.6962904191853867,Aves
random_init_eat_seed42,4,Stenella coeruleoalba,5,530.2285170707187,15.419749422533092,0.7605088169287963,Mammalia
random_init_eat_seed42,4,Megaptera novaeangliae,8,572.3289994975526,13.988247514830396,0.702491445824185,Mammalia
random_init_eat_seed42,4,Anthus trivialis,5,538.7023610899059,15.142557217033584,0.5103263096174615,Aves
random_init_eat_seed42,4,Globicephala macrorhynchus,7,515.5797260212831,15.8876977570872,0.6294167753048678,Mammalia
random_init_eat_seed42,4,Orcinus orca,18,438.48864610783096,18.15240655261063,0.89783867499813,Mammalia
random_init_eat_seed42,4,Fringilla coelebs,14,631.5237598770756,11.682315658141693,0.7962665015377205,Aves
random_init_eat_seed42,4,Turdus merula,10,573.3607032672406,13.951264540827664,0.587072225416888,Aves
random_init_eat_seed42,5,Lagenorhynchus acutus,6,471.49342289665435,17.219350077784203,0.8477685659530982,Mammalia
random_init_eat_seed42,5,Delphinus delphis,8,498.73121727007407,16.409353855450377,0.7284487211381111,Mammalia
random_init_eat_seed42,5,Balaenoptera physalus,8,309.07177823680416,21.422578470003454,0.7929978471815531,Mammalia
random_init_eat_seed42,5,Erithacus rubecula,6,587.7824077477153,13.424471288144654,0.6703601578117424,Aves
random_init_eat_seed42,5,Parus major,6,648.7098426676954,10.921910807181098,0.7392500974996815,Aves
random_init_eat_seed42,5,Stenella coeruleoalba,5,492.59935363759627,16.595209318497325,0.7775065167862982,Mammalia
random_init_eat_seed42,5,Megaptera novaeangliae,8,536.172343956493,15.225808279416873,0.6813294588841033,Mammalia
random_init_eat_seed42,5,Anthus trivialis,5,530.1568282194028,15.42216551593828,0.46970091039906064,Aves
random_init_eat_seed42,5,Globicephala macrorhynchus,7,486.5356698163557,16.776867990665398,0.679772388755196,Mammalia
random_init_eat_seed42,5,Orcinus orca,18,422.81899881539516,18.579002904122746,0.9067535073320581,Mammalia
random_init_eat_seed42,5,Fringilla coelebs,14,632.3806509508012,11.64550746893635,0.7744501154339493,Aves
random_init_eat_seed42,5,Turdus merula,10,568.6255778318372,14.11990668455314,0.5587163432205122,Aves
random_init_eat_seed42,6,Lagenorhynchus acutus,6,426.0566819218761,18.491695837061798,0.8472356794611665,Mammalia
random_init_eat_seed42,6,Delphinus delphis,8,451.58656702113484,17.78799140413462,0.7374419232969213,Mammalia
random_init_eat_seed42,6,Balaenoptera physalus,8,332.2976142857691,20.87343390013911,0.8185498943127076,Mammalia
random_init_eat_seed42,6,Erithacus rubecula,6,600.7721050830472,12.931592719969318,0.6255886961159631,Aves
random_init_eat_seed42,6,Parus major,6,649.3207653439824,10.89407305243452,0.7075100806704182,Aves
random_init_eat_seed42,6,Stenella coeruleoalba,5,448.4306601687333,17.87652561410251,0.8241162950539422,Mammalia
random_init_eat_seed42,6,Megaptera novaeangliae,8,507.1371606343826,16.151247405303852,0.7573939895480154,Mammalia
random_init_eat_seed42,6,Anthus trivialis,5,480.85631287129587,16.945251814726074,0.42942459298561925,Aves
random_init_eat_seed42,6,Globicephala macrorhynchus,7,433.5242852517718,18.28870363791415,0.7020696065132018,Mammalia
random_init_eat_seed42,6,Orcinus orca,18,388.7732421494522,19.47372328398426,0.9133052475834417,Mammalia
random_init_eat_seed42,6,Fringilla coelebs,14,617.1918095127302,12.280359095572463,0.7544174715077863,Aves
random_init_eat_seed42,6,Turdus merula,10,558.7990249752272,14.463765632164508,0.5176889286003681,Aves
random_init_eat_seed42,7,Lagenorhynchus acutus,6,390.6064288095822,19.426556532386467,0.8517042584948925,Mammalia
random_init_eat_seed42,7,Delphinus delphis,8,411.0869474459377,18.892171193633626,0.7539007288194675,Mammalia
random_init_eat_seed42,7,Balaenoptera physalus,8,316.21023049221543,21.25537566518881,0.800453780410538,Mammalia
random_init_eat_seed42,7,Erithacus rubecula,6,586.818377671305,13.460372703858996,0.5926983313215719,Aves
random_init_eat_seed42,7,Parus major,6,654.436928594875,10.656559153235076,0.6583327407966635,Aves
random_init_eat_seed42,7,Stenella coeruleoalba,5,411.33404797901227,18.88555675450151,0.8202510773022048,Mammalia
random_init_eat_seed42,7,Megaptera novaeangliae,8,474.52518219281984,17.131061086597697,0.7914952260859445,Mammalia
random_init_eat_seed42,7,Anthus trivialis,5,485.2996788522968,16.813680405880035,0.35816588469961463,Aves
random_init_eat_seed42,7,Globicephala macrorhynchus,7,392.2140214506186,19.385157629929186,0.7322671419295225,Mammalia
random_init_eat_seed42,7,Orcinus orca,18,371.52439689610924,19.911696271077744,0.9056754002950755,Mammalia
random_init_eat_seed42,7,Fringilla coelebs,14,617.6148524856296,12.263074277405494,0.7323469752717175,Aves
random_init_eat_seed42,7,Turdus merula,10,549.2348106814028,14.790632884600504,0.4674623959047761,Aves
random_init_eat_seed42,8,Lagenorhynchus acutus,6,358.7695227655899,20.229407793843716,0.8472237703247828,Mammalia
random_init_eat_seed42,8,Delphinus delphis,8,381.2921975427217,19.664836034040906,0.7609756492722588,Mammalia
random_init_eat_seed42,8,Balaenoptera physalus,8,326.68562940815764,21.007489485094144,0.8260152928642963,Mammalia
random_init_eat_seed42,8,Erithacus rubecula,6,557.3769332253477,14.512858131444483,0.5700172451828076,Aves
random_init_eat_seed42,8,Parus major,6,630.289499859621,11.734916963626494,0.6702156506161683,Aves
random_init_eat_seed42,8,Stenella coeruleoalba,5,379.59388128100176,19.707994075658107,0.8264841390295271,Mammalia
random_init_eat_seed42,8,Megaptera novaeangliae,8,448.72039818999895,17.86837323140378,0.7898834473671051,Mammalia
random_init_eat_seed42,8,Anthus trivialis,5,480.2163666040671,16.964174197248866,0.32481150321121144,Aves
random_init_eat_seed42,8,Globicephala macrorhynchus,7,355.0757267863592,20.320501580765875,0.7160661345168468,Mammalia
random_init_eat_seed42,8,Orcinus orca,18,351.06032074481664,20.419079135140592,0.9090872915563478,Mammalia
random_init_eat_seed42,8,Fringilla coelebs,14,593.3725925362905,13.21468557725057,0.7148734542251082,Aves
random_init_eat_seed42,8,Turdus merula,10,546.7658067105663,14.87385660024337,0.4377140376461293,Aves
random_init_eat_seed42,9,Lagenorhynchus acutus,6,335.40847813380134,20.79884202336719,0.8425732709827838,Mammalia
random_init_eat_seed42,9,Delphinus delphis,8,361.7129249989864,20.156537795995547,0.8039056513597501,Mammalia
random_init_eat_seed42,9,Balaenoptera physalus,8,330.7236025783238,20.911173273652246,0.814553141456335,Mammalia
random_init_eat_seed42,9,Erithacus rubecula,6,566.1061963146803,14.208962635272854,0.5596677063649758,Aves
random_init_eat_seed42,9,Parus major,6,623.168924478025,12.034524288198542,0.6530146408510005,Aves
random_init_eat_seed42,9,Stenella coeruleoalba,5,354.9136593829574,20.32446815551453,0.8351636632783933,Mammalia
random_init_eat_seed42,9,Megaptera novaeangliae,8,428.7022668456622,18.420022651241965,0.8201037249415032,Mammalia
random_init_eat_seed42,9,Anthus trivialis,5,483.3154637771221,16.872535871981043,0.29380120231799767,Aves
random_init_eat_seed42,9,Globicephala macrorhynchus,7,334.64379220096026,20.817198881990024,0.7550303784807562,Mammalia
random_init_eat_seed42,9,Orcinus orca,18,334.8167269520188,20.81305137054799,0.8986185402747812,Mammalia
random_init_eat_seed42,9,Fringilla coelebs,14,586.3630009351035,13.477179050037877,0.7084318226340914,Aves
random_init_eat_seed42,9,Turdus merula,10,525.737747561319,15.564765445338027,0.4339340400220457,Aves
random_init_eat_seed42,10,Lagenorhynchus acutus,6,296.6378644541708,21.71088015117829,0.8474298740027064,Mammalia
random_init_eat_seed42,10,Delphinus delphis,8,325.75454748943844,21.0296094711837,0.8136844120689307,Mammalia
random_init_eat_seed42,10,Balaenoptera physalus,8,342.5478852313887,20.626512661937863,0.830578854127692,Mammalia
random_init_eat_seed42,10,Erithacus rubecula,6,557.2687497811256,14.516588436438695,0.5490096096335885,Aves
random_init_eat_seed42,10,Parus major,6,612.7678866101635,12.45920751309582,0.6556818470563688,Aves
random_init_eat_seed42,10,Stenella coeruleoalba,5,318.77315761155876,21.194979028739336,0.8359726111904238,Mammalia
random_init_eat_seed42,10,Megaptera novaeangliae,8,391.49464765109747,19.403748827746334,0.8117949689594137,Mammalia
random_init_eat_seed42,10,Anthus trivialis,5,430.0912751395756,18.382317497698022,0.2915515253582516,Aves
random_init_eat_seed42,10,Globicephala macrorhynchus,7,304.08374197473074,21.538714731177137,0.7896344385676214,Mammalia
random_init_eat_seed42,10,Orcinus orca,18,320.11711174045917,21.16319917898557,0.9010874386050218,Mammalia
random_init_eat_seed42,10,Fringilla coelebs,14,580.9150799629066,13.677812448127995,0.6967306542382052,Aves
random_init_eat_seed42,10,Turdus merula,10,510.42415769898355,16.049120421246457,0.4163712690335919,Aves
random_init_eat_seed42,11,Lagenorhynchus acutus,6,277.92866579134005,22.137534846237294,0.8453391937432352,Mammalia
random_init_eat_seed42,11,Delphinus delphis,8,305.72387663846627,21.500544766225794,0.8083053162332857,Mammalia
random_init_eat_seed42,11,Balaenoptera physalus,8,332.85688895965274,20.860028265235826,0.8378123475875568,Mammalia
random_init_eat_seed42,11,Erithacus rubecula,6,522.2018339202033,15.677897181196501,0.561123458165311,Aves
random_init_eat_seed42,11,Parus major,6,607.0396717780185,12.687028097507357,0.6371230626400072,Aves
random_init_eat_seed42,11,Stenella coeruleoalba,5,300.49025384499146,21.621983279007306,0.8387215251465135,Mammalia
random_init_eat_seed42,11,Megaptera novaeangliae,8,377.04495286290506,19.772609341176096,0.8237569013019348,Mammalia
random_init_eat_seed42,11,Anthus trivialis,5,419.45405139772305,18.66937059571174,0.29365264978984046,Aves
random_init_eat_seed42,11,Globicephala macrorhynchus,7,285.26538000362154,21.971252049810907,0.7889878896942694,Mammalia
random_init_eat_seed42,11,Orcinus orca,18,309.26299290123734,21.41811679375412,0.9030147312928163,Mammalia
random_init_eat_seed42,11,Fringilla coelebs,14,560.9326766019539,14.389796429449447,0.6984881940033191,Aves
random_init_eat_seed42,11,Turdus merula,10,500.430964540402,16.35746773121088,0.41883435959038806,Aves
random_init_eat_seed42,12,Lagenorhynchus acutus,6,247.01554701532334,22.82511445425678,0.8472426603389465,Mammalia
random_init_eat_seed42,12,Delphinus delphis,8,274.34444577938893,22.218384003295032,0.8089575870744554,Mammalia
random_init_eat_seed42,12,Balaenoptera physalus,8,337.46608017353765,20.74929545883927,0.8572010307531018,Mammalia
random_init_eat_seed42,12,Erithacus rubecula,6,537.8513938809383,15.170593232228025,0.5262574731578061,Aves
random_init_eat_seed42,12,Parus major,6,590.1693782605442,13.33525931287949,0.6561409445703584,Aves
random_init_eat_seed42,12,Stenella coeruleoalba,5,265.70655911689704,22.411921690977504,0.8477749868070088,Mammalia
random_init_eat_seed42,12,Megaptera novaeangliae,8,348.085377952348,20.491812199323252,0.8264012791349744,Mammalia
random_init_eat_seed42,12,Anthus trivialis,5,404.03310813663205,19.07785128505798,0.26004481217294956,Aves
random_init_eat_seed42,12,Globicephala macrorhynchus,7,252.32652106442777,22.70843642696088,0.7985868270133715,Mammalia
random_init_eat_seed42,12,Orcinus orca,18,285.1246589522769,21.97439787624405,0.9040876955578698,Mammalia
random_init_eat_seed42,12,Fringilla coelebs,14,549.3258743972759,14.78761726883384,0.6825668323018551,Aves
random_init_eat_seed42,12,Turdus merula,10,490.8782462535855,16.6469612177057,0.39674951352444143,Aves
